"R.Condition","R.FileName","R.ProteinGroupsIdentified","R.Replicate","PG.FastaFiles","PG.Genes","PG.Organisms","PG.ProteinAccessions","PG.ProteinDescriptions","PG.ProteinNames","PG.Coverage","PG.IsSingleHit","PG.NrOfStrippedSequencesIdentified","PG.Qvalue","PG.Log2Quantity","PG.Quantity"
"100fmol","20231201_jcl_6mix_100pmol_200ngHeLa_optDIA_60min_Wat25cmBEH_1",8166,1,"jlb20230123_HomoSapiens_UniprotRefProteome_UP000005640","ELOF1","Homo sapiens","A0A024R7E8;K7EMV4;K7EN05;K7EPC8;K7EQ44;P60002","Transcription elongation factor 1 homolog","A0A024R7E8_HUMAN;K7EMV4_HUMAN;K7EN05_HUMAN;K7EPC8_HUMAN;K7EQ44_HUMAN;ELOF1_HUMAN","17.3%;15%;23.7%;20%;15.8%;21.7%",TRUE,1,0,11.2754003180697,2478.75560277633
"100fmol","20231201_jcl_6mix_100pmol_200ngHeLa_optDIA_60min_Wat25cmBEH_1",8166,1,"jlb20230123_HomoSapiens_UniprotRefProteome_UP000005640","NUDT4B;NUDT4","Homo sapiens","A0A024RBG1;Q9NZJ9","Diphosphoinositol polyphosphate phosphohydrolase NUDT4B;Diphosphoinositol polyphosphate phosphohydrolase 2","NUD4B_HUMAN;NUDT4_HUMAN","29.8%;30%",FALSE,4,0,10.5629661226665,1512.7586541257
"100fmol","20231201_jcl_6mix_100pmol_200ngHeLa_optDIA_60min_Wat25cmBEH_1",8166,1,"jlb20230123_HomoSapiens_UniprotRefProteome_UP000005640","NOSIP","Homo sapiens","A0A075B6F9","Nitric oxide synthase-interacting protein","A0A075B6F9_HUMAN","7.90%",TRUE,1,0,7.18174479938138,145.184617862417
"100fmol","20231201_jcl_6mix_100pmol_200ngHeLa_optDIA_60min_Wat25cmBEH_1",8166,1,"jlb20230123_HomoSapiens_UniprotRefProteome_UP000005640","PPIAL4E;PPIAL4F;PPIAL4D;PPIAL4F","Homo sapiens","A0A075B759;A0A0H2UH34;F5H284;P0DN26","Peptidyl-prolyl cis-trans isomerase A-like 4E;Peptidyl-prolyl cis-trans isomerase;Peptidyl-prolyl cis-trans isomerase A-like 4D;Peptidyl-prolyl cis-trans isomerase A-like 4F","PAL4E_HUMAN;A0A0H2UH34_HUMAN;PAL4D_HUMAN;PAL4F_HUMAN","0%;0%;0%;0%",TRUE,0,0.738363141,NA,NA
"100fmol","20231201_jcl_6mix_100pmol_200ngHeLa_optDIA_60min_Wat25cmBEH_1",8166,1,"jlb20230123_HomoSapiens_UniprotRefProteome_UP000005640","IKBKE","Homo sapiens","A0A075B7B4;Q14164","Inhibitor of nuclear factor kappa-B kinase subunit epsilon","A0A075B7B4_HUMAN;IKKE_HUMAN","0%;0%",TRUE,0,0.321037601,NA,NA
"100fmol","20231201_jcl_6mix_100pmol_200ngHeLa_optDIA_60min_Wat25cmBEH_1",8166,1,"jlb20230123_HomoSapiens_UniprotRefProteome_UP000005640","PSG7;PSG7;PSG6;PSG5;PSG5;PSG6;PSG5;PSG6;PSG7;PSG5","Homo sapiens","A0A087WT09;A0A096LNM5;B5MCE1;E7EQY3;E9PC55;M0QZA7;M0R1G9;Q00889;Q13046;Q15238","Putative pregnancy-specific beta-1-glycoprotein 7;Putative pregnancy-specific beta-1-glycoprotein 7;Pregnancy-specific beta-1-glycoprotein 6;Pregnancy-specific beta-1-glycoprotein 5;Pregnancy-specific beta-1-glycoprotein 5;Pregnancy-specific beta-1-glycoprotein 6 (Fragment);Pregnancy-specific beta-1-glycoprotein 5;Pregnancy-specific beta-1-glycoprotein 6;Pregnancy-specific beta-1-glycoprotein 7;Pregnancy-specific beta-1-glycoprotein 5","A0A087WT09_HUMAN;A0A096LNM5_HUMAN;B5MCE1_HUMAN;E7EQY3_HUMAN;E9PC55_HUMAN;M0QZA7_HUMAN;M0R1G9_HUMAN;PSG6_HUMAN;PSG7_HUMAN;PSG5_HUMAN","0%;0%;0%;0%;0%;0%;0%;0%;0%;0%",TRUE,0,0.652998341,NA,NA
"100fmol","20231201_jcl_6mix_100pmol_200ngHeLa_optDIA_60min_Wat25cmBEH_1",8166,1,"jlb20230123_HomoSapiens_UniprotRefProteome_UP000005640","HTD2","Homo sapiens","A0A087WTC8;P86397","Hydroxyacyl-thioester dehydratase type 2, mitochondrial (Fragment);Hydroxyacyl-thioester dehydratase type 2, mitochondrial","A0A087WTC8_HUMAN;HTD2_HUMAN","36.8%;16.7%",TRUE,1,0,9.73783086063859,853.845279493093
"100fmol","20231201_jcl_6mix_100pmol_200ngHeLa_optDIA_60min_Wat25cmBEH_1",8166,1,"jlb20230123_HomoSapiens_UniprotRefProteome_UP000005640","BCL2L13","Homo sapiens","A0A087WTL4","Bcl-2-like protein 13","A0A087WTL4_HUMAN","2.80%",TRUE,1,0,11.5484043707156,2995.13303779406
"100fmol","20231201_jcl_6mix_100pmol_200ngHeLa_optDIA_60min_Wat25cmBEH_1",8166,1,"jlb20230123_HomoSapiens_UniprotRefProteome_UP000005640","KCNIP1","Homo sapiens","A0A087WTU8;A0A0A0MS16;A0A1B0GTZ7;Q9NZI2","Kv channel-interacting protein 1","A0A087WTU8_HUMAN;A0A0A0MS16_HUMAN;A0A1B0GTZ7_HUMAN;KCIP1_HUMAN","0%;0%;0%;0%",TRUE,0,0.031887909,NA,NA
"100fmol","20231201_jcl_6mix_100pmol_200ngHeLa_optDIA_60min_Wat25cmBEH_1",8166,1,"jlb20230123_HomoSapiens_UniprotRefProteome_UP000005640","ALMS1","Homo sapiens","A0A087WTU9;A0A087WV20;A0A804HIB7;A0A804HJA5;A0A804HJW3;A0A804HKC0;A0A804HKP4;A0A804HL70;Q8TCU4","Centrosome-associated protein ALMS1;Centrosome-associated protein ALMS1;Centrosome-associated protein ALMS1 (Fragment);Centrosome-associated protein ALMS1 (Fragment);Centrosome-associated protein ALMS1 (Fragment);Centrosome-associated protein ALMS1 (Fragment);Centrosome-associated protein ALMS1 (Fragment);Centrosome-associated protein ALMS1 (Fragment);Centrosome-associated protein ALMS1","A0A087WTU9_HUMAN;A0A087WV20_HUMAN;A0A804HIB7_HUMAN;A0A804HJA5_HUMAN;A0A804HJW3_HUMAN;A0A804HKC0_HUMAN;A0A804HKP4_HUMAN;A0A804HL70_HUMAN;ALMS1_HUMAN","0%;0%;0%;0%;0%;0%;0%;0%;0%",TRUE,0,0.124715739,NA,NA
"100fmol","20231201_jcl_6mix_100pmol_200ngHeLa_optDIA_60min_Wat25cmBEH_1",8166,1,"jlb20230123_HomoSapiens_UniprotRefProteome_UP000005640","HNRNPDL","Homo sapiens","A0A087WU03","Heterogeneous nuclear ribonucleoprotein D-like","A0A087WU03_HUMAN","31.60%",TRUE,1,0,12.9176581710957,7737.53422875817
"100fmol","20231201_jcl_6mix_100pmol_200ngHeLa_optDIA_60min_Wat25cmBEH_1",8166,1,"jlb20230123_HomoSapiens_UniprotRefProteome_UP000005640","PTBP1","Homo sapiens","A0A087WU68","Polypyrimidine tract-binding protein 1 (Fragment)","A0A087WU68_HUMAN","22.90%",TRUE,1,0,9.51007505751349,729.151633931723
"100fmol","20231201_jcl_6mix_100pmol_200ngHeLa_optDIA_60min_Wat25cmBEH_1",8166,1,"jlb20230123_HomoSapiens_UniprotRefProteome_UP000005640","NBDY","Homo sapiens","A0A0U1RRE5","Negative regulator of P-body association","NBDY_HUMAN","39.70%",FALSE,1,0,9.9564000056162,993.516423115977
"100fmol","20231201_jcl_6mix_100pmol_200ngHeLa_optDIA_60min_Wat25cmBEH_1",8166,1,"jlb20230123_HomoSapiens_UniprotRefProteome_UP000005640","AHRR","Homo sapiens","A0A7I2PK40;A9YTQ3;D6RE68","Aryl hydrocarbon receptor repressor","A0A7I2PK40_HUMAN;AHRR_HUMAN;D6RE68_HUMAN","2.6%;2.6%;3.2%",FALSE,1,0,10.5939055006992,1545.55095188852
"100fmol","20231201_jcl_6mix_100pmol_200ngHeLa_optDIA_60min_Wat25cmBEH_1",8166,1,"jlb20230123_HomoSapiens_UniprotRefProteome_UP000005640","PIP5K1C","Homo sapiens","A0A7P0T808;O60331","Phosphatidylinositol 4-phosphate 5-kinase type-1 gamma","A0A7P0T808_HUMAN;PI51C_HUMAN","4.3%;4.5%",FALSE,2,0,11.5493140028368,2997.02209142149
"100fmol","20231201_jcl_6mix_100pmol_200ngHeLa_optDIA_60min_Wat25cmBEH_1",8166,1,"jlb20230123_HomoSapiens_UniprotRefProteome_UP000005640","MYLK","Homo sapiens","A0A8I5KU53;Q15746","Myosin light chain kinase, smooth muscle;Myosin light chain kinase, smooth muscle","A0A8I5KU53_HUMAN;MYLK_HUMAN","1.9%;1.9%",FALSE,2,0.000374719,11.719167726866,3371.48327811504
"100fmol","20231201_jcl_6mix_100pmol_200ngHeLa_optDIA_60min_Wat25cmBEH_1",8166,1,"jlb20230123_HomoSapiens_UniprotRefProteome_UP000005640","ZNF840P","Homo sapiens","A6NDX5","Putative zinc finger protein 840","ZN840_HUMAN","3.10%",FALSE,2,0,8.38717241790128,334.803875574522
"100fmol","20231201_jcl_6mix_100pmol_200ngHeLa_optDIA_60min_Wat25cmBEH_1",8166,1,"jlb20230123_HomoSapiens_UniprotRefProteome_UP000005640","CCDC85C","Homo sapiens","A6NKD9","Coiled-coil domain-containing protein 85C","CC85C_HUMAN","10.50%",FALSE,2,0,8.66905799385203,407.04881081705
"100fmol","20231201_jcl_6mix_100pmol_200ngHeLa_optDIA_60min_Wat25cmBEH_1",8166,1,"jlb20230123_HomoSapiens_UniprotRefProteome_UP000005640","TMCO5B","Homo sapiens","A8MYB1","Transmembrane and coiled-coil domain-containing protein 5B","TMC5B_HUMAN","4.60%",FALSE,2,0,8.93512090872145,489.485023424421
"100fmol","20231201_jcl_6mix_100pmol_200ngHeLa_optDIA_60min_Wat25cmBEH_1",8166,1,"jlb20230123_HomoSapiens_UniprotRefProteome_UP000005640","AZGP1","Homo sapiens","C9JEV0;P25311","Zinc-alpha-2-glycoprotein","C9JEV0_HUMAN;ZA2G_HUMAN","16.3%;12.4%",FALSE,2,0,7.66797110424364,203.371133060935
"100fmol","20231201_jcl_6mix_100pmol_200ngHeLa_optDIA_60min_Wat25cmBEH_1",8166,1,"jlb20230123_HomoSapiens_UniprotRefProteome_UP000005640","USP4","Homo sapiens","C9JNU9","Ubiquitin carboxyl-terminal hydrolase 4","C9JNU9_HUMAN","9.90%",FALSE,2,0.000252048,7.73548345195783,213.114279433154
"100fmol","20231201_jcl_6mix_100pmol_200ngHeLa_optDIA_60min_Wat25cmBEH_1",8166,1,"20230525_jclcleaned_MQcontaminants","ALB","","CON__P02769","Bovine serum albumin","ALBU_BOVIN","70.50%",FALSE,50,0,16.7314760109835,108811.839195555
"100fmol","20231201_jcl_6mix_100pmol_200ngHeLa_optDIA_60min_Wat25cmBEH_1",8166,1,"20230525_jclcleaned_MQcontaminants","CYCS","","CON__P62894","Cytochrome c","CYC_BOVIN","59%",FALSE,9,0,13.2424102394167,9690.86842168284
"100fmol","20231201_jcl_6mix_100pmol_200ngHeLa_optDIA_60min_Wat25cmBEH_1",8166,1,"20230525_jclcleaned_MQcontaminants","TF","","CON__Q0IIK2","Serotransferrin (UP merge to Q29443)","TRFE_BOVIN","77.10%",FALSE,57,0,13.7768815135608,14036.3627135946
"100fmol","20231201_jcl_6mix_100pmol_200ngHeLa_optDIA_60min_Wat25cmBEH_1",8166,1,"20230525_jclcleaned_MQcontaminants","KRT16","","CON__Q3ZAW8;CON__Q9Z2K1","Keratin intermediate filament 16a;Keratin, type I cytoskeletal 16","KRT16_MOUSE","8.2%;8.3%",FALSE,2,0,10.7231187865636,1690.36464973443
"100fmol","20231201_jcl_6mix_100pmol_200ngHeLa_optDIA_60min_Wat25cmBEH_1",8166,1,"jlb20230123_HomoSapiens_UniprotRefProteome_UP000005640","BRDT","Homo sapiens","F8W0H2","Bromodomain testis-specific protein (Fragment)","F8W0H2_HUMAN","41.30%",FALSE,2,0,9.05631303315454,532.380173089571
"100fmol","20231201_jcl_6mix_100pmol_200ngHeLa_optDIA_60min_Wat25cmBEH_1",8166,1,"jlb20230123_HomoSapiens_UniprotRefProteome_UP000005640","BMAL2","Homo sapiens","H0Y5R1;Q8WYA1","Basic helix-loop-helix ARNT-like 2 (Fragment);Basic helix-loop-helix ARNT-like protein 2","H0Y5R1_HUMAN;BMAL2_HUMAN","3.7%;3.5%",FALSE,1,0,9.8170883200801,902.065460793826
"100fmol","20231201_jcl_6mix_100pmol_200ngHeLa_optDIA_60min_Wat25cmBEH_1",8166,1,"jlb20230123_HomoSapiens_UniprotRefProteome_UP000005640","DEF6","Homo sapiens","H0Y7V7;Q9H4E7","Differentially-expressed in FDCP 6 homolog;Differentially expressed in FDCP 6 homolog","H0Y7V7_HUMAN;DEFI6_HUMAN","3.4%;3.2%",FALSE,2,0.001485516,10.3794731440438,1332.0875078036
"100fmol","20231201_jcl_6mix_100pmol_200ngHeLa_optDIA_60min_Wat25cmBEH_1",8166,1,"jlb20230123_HomoSapiens_UniprotRefProteome_UP000005640","MYOF","Homo sapiens","H0YD14","Myoferlin (Fragment)","H0YD14_HUMAN","2%",FALSE,2,0,10.1573227437678,1141.98085072095
"100fmol","20231201_jcl_6mix_100pmol_200ngHeLa_optDIA_60min_Wat25cmBEH_1",8166,1,"jlb20230123_HomoSapiens_UniprotRefProteome_UP000005640","ATXN2L","Homo sapiens","H3BUF6","Ataxin-2-like protein","H3BUF6_HUMAN","4.30%",FALSE,2,0,8.31342197269417,318.118832848214
"100fmol","20231201_jcl_6mix_100pmol_200ngHeLa_optDIA_60min_Wat25cmBEH_1",8166,1,"jlb20230123_HomoSapiens_UniprotRefProteome_UP000005640",";TATDN2","Homo sapiens","H7C1W4;Q93075","Deoxyribonuclease TATDN2 (Fragment);Putative deoxyribonuclease TATDN2","H7C1W4_HUMAN;TATD2_HUMAN","5.9%;5.1%",FALSE,2,0.000374719,8.28801132756921,312.564761389856
"100fmol","20231201_jcl_6mix_100pmol_200ngHeLa_optDIA_60min_Wat25cmBEH_1",8166,1,"jlb20230123_HomoSapiens_UniprotRefProteome_UP000005640","FARP2","Homo sapiens","H7C3M7","FERM, ARHGEF and pleckstrin domain-containing protein 2 (Fragment)","H7C3M7_HUMAN","6.20%",FALSE,2,0.00356967,10.1305534196716,1120.98667955574
"100fmol","20231201_jcl_6mix_100pmol_200ngHeLa_optDIA_60min_Wat25cmBEH_1",8166,1,"jlb20230123_HomoSapiens_UniprotRefProteome_UP000005640","TECPR2","Homo sapiens","O15040","Tectonin beta-propeller repeat-containing protein 2","TCPR2_HUMAN","1.60%",FALSE,2,0,14.135921327486,18002.6457603718
"100fmol","20231201_jcl_6mix_100pmol_200ngHeLa_optDIA_60min_Wat25cmBEH_1",8166,1,"jlb20230123_HomoSapiens_UniprotRefProteome_UP000005640","TLR3","Homo sapiens","O15455","Toll-like receptor 3","TLR3_HUMAN","2.70%",FALSE,2,0,7.61307218788175,195.777639415732
"100fmol","20231201_jcl_6mix_100pmol_200ngHeLa_optDIA_60min_Wat25cmBEH_1",8166,1,"jlb20230123_HomoSapiens_UniprotRefProteome_UP000005640","LRIG2","Homo sapiens","O94898","Leucine-rich repeats and immunoglobulin-like domains protein 2","LRIG2_HUMAN","2.40%",FALSE,2,0.003812569,9.13006485196719,560.303561221679
"100fmol","20231201_jcl_6mix_100pmol_200ngHeLa_optDIA_60min_Wat25cmBEH_1",8166,1,"jlb20230123_HomoSapiens_UniprotRefProteome_UP000005640","RAB3D","Homo sapiens","O95716","Ras-related protein Rab-3D","RAB3D_HUMAN","40.60%",FALSE,7,0,10.3691627624598,1322.60153200231
"100fmol","20231201_jcl_6mix_100pmol_200ngHeLa_optDIA_60min_Wat25cmBEH_1",8166,1,"jlb20230503_Pierce88342_6Mix_Uniprotsequences","ADH1","Saccharomyces cerevisiae (strain ATCC 204508 / S288c)","P00330","Alcohol dehydrogenase 1","ADH1_YEAST","43.60%",FALSE,17,0,14.8322635458666,29171.3300445731
"100fmol","20231201_jcl_6mix_100pmol_200ngHeLa_optDIA_60min_Wat25cmBEH_1",8166,1,"jlb20230503_Pierce88342_6Mix_Uniprotsequences","LYZ","Gallus gallus","P00698","Lysozyme C","LYSC_CHICK","33.30%",FALSE,6,0,13.7433012447134,13713.4243191368
"100fmol","20231201_jcl_6mix_100pmol_200ngHeLa_optDIA_60min_Wat25cmBEH_1",8166,1,"jlb20230503_Pierce88342_6Mix_Uniprotsequences","lacZ","Escherichia coli (strain K12)","P00722","Beta-galactosidase","BGAL_ECOLI","46.70%",FALSE,40,0,14.4969574246974,23121.6610661342
"100fmol","20231201_jcl_6mix_100pmol_200ngHeLa_optDIA_60min_Wat25cmBEH_1",8166,1,"jlb20230123_HomoSapiens_UniprotRefProteome_UP000005640","CSTA","Homo sapiens","P01040","Cystatin-A","CYTA_HUMAN","42.90%",FALSE,3,0,9.20741470967278,591.164042312389
"100fmol","20231201_jcl_6mix_100pmol_200ngHeLa_optDIA_60min_Wat25cmBEH_1",8166,1,"jlb20230123_HomoSapiens_UniprotRefProteome_UP000005640","PRKCB","Homo sapiens","P05771","Protein kinase C beta type","KPCB_HUMAN","3.90%",FALSE,2,0,9.85187747490288,924.082261199303
"100fmol","20231201_jcl_6mix_100pmol_200ngHeLa_optDIA_60min_Wat25cmBEH_1",8166,1,"jlb20230123_HomoSapiens_UniprotRefProteome_UP000005640","LPL","Homo sapiens","P06858","Lipoprotein lipase","LIPL_HUMAN","7.60%",FALSE,2,0,8.7515001699817,430.986888485074
"100fmol","20231201_jcl_6mix_100pmol_200ngHeLa_optDIA_60min_Wat25cmBEH_1",8166,1,"jlb20230123_HomoSapiens_UniprotRefProteome_UP000005640","PIP","Homo sapiens","P12273","Prolactin-inducible protein","PIP_HUMAN","21.20%",FALSE,2,0,6.86530052373665,116.590022709353
"100fmol","20231201_jcl_6mix_100pmol_200ngHeLa_optDIA_60min_Wat25cmBEH_1",8166,1,"jlb20230123_HomoSapiens_UniprotRefProteome_UP000005640","C6","Homo sapiens","P13671","Complement component C6","CO6_HUMAN","4.50%",FALSE,2,0,7.54752423168488,187.0816479094
"100fmol","20231201_jcl_6mix_100pmol_200ngHeLa_optDIA_60min_Wat25cmBEH_1",8166,1,"jlb20230123_HomoSapiens_UniprotRefProteome_UP000005640","GLB1","Homo sapiens","P16278","Beta-galactosidase","BGAL_HUMAN","28.10%",FALSE,16,0,11.9792152632191,4037.41245781524
"100fmol","20231201_jcl_6mix_100pmol_200ngHeLa_optDIA_60min_Wat25cmBEH_1",8166,1,"jlb20230123_HomoSapiens_UniprotRefProteome_UP000005640","TARS1","Homo sapiens","P26639","Threonine--tRNA ligase 1, cytoplasmic","SYTC_HUMAN","62.80%",FALSE,42,0,14.5518126054825,24017.7370357132
"100fmol","20231201_jcl_6mix_100pmol_200ngHeLa_optDIA_60min_Wat25cmBEH_1",8166,1,"jlb20230123_HomoSapiens_UniprotRefProteome_UP000005640","CASP14","Homo sapiens","P31944","Caspase-14","CASPE_HUMAN","36.40%",FALSE,6,0,6.71736532368952,105.227306583576
"100fmol","20231201_jcl_6mix_100pmol_200ngHeLa_optDIA_60min_Wat25cmBEH_1",8166,1,"jlb20230123_HomoSapiens_UniprotRefProteome_UP000005640","DCAF6","Homo sapiens","Q58WW2","DDB1- and CUL4-associated factor 6","DCAF6_HUMAN","4.10%",FALSE,2,0,7.65817828089238,201.995351270893
"100fmol","20231201_jcl_6mix_100pmol_200ngHeLa_optDIA_60min_Wat25cmBEH_1",8166,1,"jlb20230123_HomoSapiens_UniprotRefProteome_UP000005640","DALRD3","Homo sapiens","Q5D0E6","DALR anticodon-binding domain-containing protein 3","DALD3_HUMAN","7%",FALSE,2,0,10.4484999074083,1397.37150141118
"100fmol","20231201_jcl_6mix_100pmol_200ngHeLa_optDIA_60min_Wat25cmBEH_1",8166,1,"jlb20230123_HomoSapiens_UniprotRefProteome_UP000005640","HGSNAT","Homo sapiens","Q68CP4","Heparan-alpha-glucosaminide N-acetyltransferase","HGNAT_HUMAN","3.80%",FALSE,2,0,10.9272078572307,1947.23036759706
"100fmol","20231201_jcl_6mix_100pmol_200ngHeLa_optDIA_60min_Wat25cmBEH_1",8166,1,"jlb20230123_HomoSapiens_UniprotRefProteome_UP000005640","RFFL","Homo sapiens","Q8WZ73","E3 ubiquitin-protein ligase rififylin","RFFL_HUMAN","10.20%",FALSE,2,0,7.60481808524032,194.660733374612
"100fmol","20231201_jcl_6mix_100pmol_200ngHeLa_optDIA_60min_Wat25cmBEH_1",8166,1,"jlb20230123_HomoSapiens_UniprotRefProteome_UP000005640","RNF185","Homo sapiens","Q96GF1","E3 ubiquitin-protein ligase RNF185","RN185_HUMAN","7.30%",FALSE,2,0,10.1072105378346,1102.99500162596
"100fmol","20231201_jcl_6mix_100pmol_200ngHeLa_optDIA_60min_Wat25cmBEH_1",8166,1,"jlb20230123_HomoSapiens_UniprotRefProteome_UP000005640","ZNF462","Homo sapiens","Q96JM2","Zinc finger protein 462","ZN462_HUMAN","2%",FALSE,2,0.000374719,9.93209253828452,976.917239812663
"100fmol","20231201_jcl_6mix_100pmol_200ngHeLa_optDIA_60min_Wat25cmBEH_1",8166,1,"jlb20230123_HomoSapiens_UniprotRefProteome_UP000005640","ALKBH7","Homo sapiens","Q9BT30","Alpha-ketoglutarate-dependent dioxygenase alkB homolog 7, mitochondrial","ALKB7_HUMAN","14%",FALSE,2,0,7.69435704653621,207.124879304444
"100fmol","20231201_jcl_6mix_100pmol_200ngHeLa_optDIA_60min_Wat25cmBEH_1",8166,1,"jlb20230123_HomoSapiens_UniprotRefProteome_UP000005640","POLK","Homo sapiens","Q9UBT6","DNA polymerase kappa","POLK_HUMAN","4.10%",FALSE,2,0,7.60510759008607,194.699799759923
"100fmol","20231201_jcl_6mix_100pmol_200ngHeLa_optDIA_60min_Wat25cmBEH_1",8166,1,"jlb20230123_HomoSapiens_UniprotRefProteome_UP000005640","ACAD8","Homo sapiens","Q9UKU7","Isobutyryl-CoA dehydrogenase, mitochondrial","ACAD8_HUMAN","5.50%",FALSE,2,0,7.93151798157637,244.132064418945
"100fmol","20231201_jcl_6mix_100pmol_200ngHeLa_optDIA_60min_Wat25cmBEH_2",8166,2,"jlb20230123_HomoSapiens_UniprotRefProteome_UP000005640","ELOF1","Homo sapiens","A0A024R7E8;K7EMV4;K7EN05;K7EPC8;K7EQ44;P60002","Transcription elongation factor 1 homolog","A0A024R7E8_HUMAN;K7EMV4_HUMAN;K7EN05_HUMAN;K7EPC8_HUMAN;K7EQ44_HUMAN;ELOF1_HUMAN","17.3%;15%;23.7%;20%;15.8%;21.7%",TRUE,1,0,11.1300435699517,2241.18118370388
"100fmol","20231201_jcl_6mix_100pmol_200ngHeLa_optDIA_60min_Wat25cmBEH_2",8166,2,"jlb20230123_HomoSapiens_UniprotRefProteome_UP000005640","NUDT4B;NUDT4","Homo sapiens","A0A024RBG1;Q9NZJ9","Diphosphoinositol polyphosphate phosphohydrolase NUDT4B;Diphosphoinositol polyphosphate phosphohydrolase 2","NUD4B_HUMAN;NUDT4_HUMAN","29.8%;30%",FALSE,4,0,10.7992142910085,1781.91683607984
"100fmol","20231201_jcl_6mix_100pmol_200ngHeLa_optDIA_60min_Wat25cmBEH_2",8166,2,"jlb20230123_HomoSapiens_UniprotRefProteome_UP000005640","NOSIP","Homo sapiens","A0A075B6F9","Nitric oxide synthase-interacting protein","A0A075B6F9_HUMAN","7.90%",TRUE,1,0,6.61570704274909,98.0677615471868
"100fmol","20231201_jcl_6mix_100pmol_200ngHeLa_optDIA_60min_Wat25cmBEH_2",8166,2,"jlb20230123_HomoSapiens_UniprotRefProteome_UP000005640","PPIAL4E;PPIAL4F;PPIAL4D;PPIAL4F","Homo sapiens","A0A075B759;A0A0H2UH34;F5H284;P0DN26","Peptidyl-prolyl cis-trans isomerase A-like 4E;Peptidyl-prolyl cis-trans isomerase;Peptidyl-prolyl cis-trans isomerase A-like 4D;Peptidyl-prolyl cis-trans isomerase A-like 4F","PAL4E_HUMAN;A0A0H2UH34_HUMAN;PAL4D_HUMAN;PAL4F_HUMAN","0%;0%;0%;0%",TRUE,0,0.738363141,NA,NA
"100fmol","20231201_jcl_6mix_100pmol_200ngHeLa_optDIA_60min_Wat25cmBEH_2",8166,2,"jlb20230123_HomoSapiens_UniprotRefProteome_UP000005640","IKBKE","Homo sapiens","A0A075B7B4;Q14164","Inhibitor of nuclear factor kappa-B kinase subunit epsilon","A0A075B7B4_HUMAN;IKKE_HUMAN","0%;0%",TRUE,0,0.321037601,NA,NA
"100fmol","20231201_jcl_6mix_100pmol_200ngHeLa_optDIA_60min_Wat25cmBEH_2",8166,2,"jlb20230123_HomoSapiens_UniprotRefProteome_UP000005640","PSG7;PSG7;PSG6;PSG5;PSG5;PSG6;PSG5;PSG6;PSG7;PSG5","Homo sapiens","A0A087WT09;A0A096LNM5;B5MCE1;E7EQY3;E9PC55;M0QZA7;M0R1G9;Q00889;Q13046;Q15238","Putative pregnancy-specific beta-1-glycoprotein 7;Putative pregnancy-specific beta-1-glycoprotein 7;Pregnancy-specific beta-1-glycoprotein 6;Pregnancy-specific beta-1-glycoprotein 5;Pregnancy-specific beta-1-glycoprotein 5;Pregnancy-specific beta-1-glycoprotein 6 (Fragment);Pregnancy-specific beta-1-glycoprotein 5;Pregnancy-specific beta-1-glycoprotein 6;Pregnancy-specific beta-1-glycoprotein 7;Pregnancy-specific beta-1-glycoprotein 5","A0A087WT09_HUMAN;A0A096LNM5_HUMAN;B5MCE1_HUMAN;E7EQY3_HUMAN;E9PC55_HUMAN;M0QZA7_HUMAN;M0R1G9_HUMAN;PSG6_HUMAN;PSG7_HUMAN;PSG5_HUMAN","0%;0%;0%;0%;0%;0%;0%;0%;0%;0%",TRUE,0,0.652998341,NA,NA
"100fmol","20231201_jcl_6mix_100pmol_200ngHeLa_optDIA_60min_Wat25cmBEH_2",8166,2,"jlb20230123_HomoSapiens_UniprotRefProteome_UP000005640","HTD2","Homo sapiens","A0A087WTC8;P86397","Hydroxyacyl-thioester dehydratase type 2, mitochondrial (Fragment);Hydroxyacyl-thioester dehydratase type 2, mitochondrial","A0A087WTC8_HUMAN;HTD2_HUMAN","36.8%;16.7%",TRUE,1,0,9.54086835221775,744.882135464578
"100fmol","20231201_jcl_6mix_100pmol_200ngHeLa_optDIA_60min_Wat25cmBEH_2",8166,2,"jlb20230123_HomoSapiens_UniprotRefProteome_UP000005640","BCL2L13","Homo sapiens","A0A087WTL4","Bcl-2-like protein 13","A0A087WTL4_HUMAN","2.80%",TRUE,1,0,11.6987410925463,3324.08392682063
"100fmol","20231201_jcl_6mix_100pmol_200ngHeLa_optDIA_60min_Wat25cmBEH_2",8166,2,"jlb20230123_HomoSapiens_UniprotRefProteome_UP000005640","KCNIP1","Homo sapiens","A0A087WTU8;A0A0A0MS16;A0A1B0GTZ7;Q9NZI2","Kv channel-interacting protein 1","A0A087WTU8_HUMAN;A0A0A0MS16_HUMAN;A0A1B0GTZ7_HUMAN;KCIP1_HUMAN","0%;0%;0%;0%",TRUE,0,0.031887909,NA,NA
"100fmol","20231201_jcl_6mix_100pmol_200ngHeLa_optDIA_60min_Wat25cmBEH_2",8166,2,"jlb20230123_HomoSapiens_UniprotRefProteome_UP000005640","ALMS1","Homo sapiens","A0A087WTU9;A0A087WV20;A0A804HIB7;A0A804HJA5;A0A804HJW3;A0A804HKC0;A0A804HKP4;A0A804HL70;Q8TCU4","Centrosome-associated protein ALMS1;Centrosome-associated protein ALMS1;Centrosome-associated protein ALMS1 (Fragment);Centrosome-associated protein ALMS1 (Fragment);Centrosome-associated protein ALMS1 (Fragment);Centrosome-associated protein ALMS1 (Fragment);Centrosome-associated protein ALMS1 (Fragment);Centrosome-associated protein ALMS1 (Fragment);Centrosome-associated protein ALMS1","A0A087WTU9_HUMAN;A0A087WV20_HUMAN;A0A804HIB7_HUMAN;A0A804HJA5_HUMAN;A0A804HJW3_HUMAN;A0A804HKC0_HUMAN;A0A804HKP4_HUMAN;A0A804HL70_HUMAN;ALMS1_HUMAN","0%;0%;0%;0%;0%;0%;0%;0%;0%",TRUE,0,0.124715739,NA,NA
"100fmol","20231201_jcl_6mix_100pmol_200ngHeLa_optDIA_60min_Wat25cmBEH_2",8166,2,"jlb20230123_HomoSapiens_UniprotRefProteome_UP000005640","HNRNPDL","Homo sapiens","A0A087WU03","Heterogeneous nuclear ribonucleoprotein D-like","A0A087WU03_HUMAN","31.60%",TRUE,1,0,13.0626215006081,8555.41131325872
"100fmol","20231201_jcl_6mix_100pmol_200ngHeLa_optDIA_60min_Wat25cmBEH_2",8166,2,"jlb20230123_HomoSapiens_UniprotRefProteome_UP000005640","PTBP1","Homo sapiens","A0A087WU68","Polypyrimidine tract-binding protein 1 (Fragment)","A0A087WU68_HUMAN","22.90%",TRUE,1,0,9.56421948496408,757.036728125133
"100fmol","20231201_jcl_6mix_100pmol_200ngHeLa_optDIA_60min_Wat25cmBEH_2",8166,2,"jlb20230123_HomoSapiens_UniprotRefProteome_UP000005640","NBDY","Homo sapiens","A0A0U1RRE5","Negative regulator of P-body association","NBDY_HUMAN","39.70%",FALSE,1,0,10.1189062993529,1111.9731977161
"100fmol","20231201_jcl_6mix_100pmol_200ngHeLa_optDIA_60min_Wat25cmBEH_2",8166,2,"jlb20230123_HomoSapiens_UniprotRefProteome_UP000005640","AHRR","Homo sapiens","A0A7I2PK40;A9YTQ3;D6RE68","Aryl hydrocarbon receptor repressor","A0A7I2PK40_HUMAN;AHRR_HUMAN;D6RE68_HUMAN","4.3%;4.3%;5.4%",FALSE,2,0,10.7675772005324,1743.2662330617
"100fmol","20231201_jcl_6mix_100pmol_200ngHeLa_optDIA_60min_Wat25cmBEH_2",8166,2,"jlb20230123_HomoSapiens_UniprotRefProteome_UP000005640","PIP5K1C","Homo sapiens","A0A7P0T808;O60331","Phosphatidylinositol 4-phosphate 5-kinase type-1 gamma","A0A7P0T808_HUMAN;PI51C_HUMAN","4.3%;4.5%",FALSE,2,0,12.0891476594453,4357.08535185155
"100fmol","20231201_jcl_6mix_100pmol_200ngHeLa_optDIA_60min_Wat25cmBEH_2",8166,2,"jlb20230123_HomoSapiens_UniprotRefProteome_UP000005640","MYLK","Homo sapiens","A0A8I5KU53;Q15746","Myosin light chain kinase, smooth muscle;Myosin light chain kinase, smooth muscle","A0A8I5KU53_HUMAN;MYLK_HUMAN","1.9%;1.9%",FALSE,2,0.000374719,9.71935774207768,842.981840098045
"100fmol","20231201_jcl_6mix_100pmol_200ngHeLa_optDIA_60min_Wat25cmBEH_2",8166,2,"jlb20230123_HomoSapiens_UniprotRefProteome_UP000005640","ZNF840P","Homo sapiens","A6NDX5","Putative zinc finger protein 840","ZN840_HUMAN","3.10%",FALSE,2,0,8.80423120308219,447.031041115681
"100fmol","20231201_jcl_6mix_100pmol_200ngHeLa_optDIA_60min_Wat25cmBEH_2",8166,2,"jlb20230123_HomoSapiens_UniprotRefProteome_UP000005640","CCDC85C","Homo sapiens","A6NKD9","Coiled-coil domain-containing protein 85C","CC85C_HUMAN","10.50%",FALSE,2,0,9.01885762148592,518.736336647125
"100fmol","20231201_jcl_6mix_100pmol_200ngHeLa_optDIA_60min_Wat25cmBEH_2",8166,2,"jlb20230123_HomoSapiens_UniprotRefProteome_UP000005640","TMCO5B","Homo sapiens","A8MYB1","Transmembrane and coiled-coil domain-containing protein 5B","TMC5B_HUMAN","4.60%",FALSE,2,0,8.86954433773165,467.733949619326
"100fmol","20231201_jcl_6mix_100pmol_200ngHeLa_optDIA_60min_Wat25cmBEH_2",8166,2,"jlb20230123_HomoSapiens_UniprotRefProteome_UP000005640","AZGP1","Homo sapiens","C9JEV0;P25311","Zinc-alpha-2-glycoprotein","C9JEV0_HUMAN;ZA2G_HUMAN","16.3%;12.4%",FALSE,2,0,7.67852682235407,204.864588661415
"100fmol","20231201_jcl_6mix_100pmol_200ngHeLa_optDIA_60min_Wat25cmBEH_2",8166,2,"jlb20230123_HomoSapiens_UniprotRefProteome_UP000005640","USP4","Homo sapiens","C9JNU9","Ubiquitin carboxyl-terminal hydrolase 4","C9JNU9_HUMAN","9.90%",FALSE,2,0.000252048,8.25368348616508,305.215302580329
"100fmol","20231201_jcl_6mix_100pmol_200ngHeLa_optDIA_60min_Wat25cmBEH_2",8166,2,"20230525_jclcleaned_MQcontaminants","ALB","","CON__P02769","Bovine serum albumin","ALBU_BOVIN","70.50%",FALSE,50,0,16.5926390824132,98828.4697926837
"100fmol","20231201_jcl_6mix_100pmol_200ngHeLa_optDIA_60min_Wat25cmBEH_2",8166,2,"20230525_jclcleaned_MQcontaminants","CYCS","","CON__P62894","Cytochrome c","CYC_BOVIN","59%",FALSE,9,0,13.4054515003028,10850.3315007675
"100fmol","20231201_jcl_6mix_100pmol_200ngHeLa_optDIA_60min_Wat25cmBEH_2",8166,2,"20230525_jclcleaned_MQcontaminants","TF","","CON__Q0IIK2","Serotransferrin (UP merge to Q29443)","TRFE_BOVIN","77.10%",FALSE,57,0,13.9312725427924,15621.7942358456
"100fmol","20231201_jcl_6mix_100pmol_200ngHeLa_optDIA_60min_Wat25cmBEH_2",8166,2,"20230525_jclcleaned_MQcontaminants","KRT16","","CON__Q3ZAW8;CON__Q9Z2K1","Keratin intermediate filament 16a;Keratin, type I cytoskeletal 16","KRT16_MOUSE","3.4%;3.4%",FALSE,1,0,11.3728445412068,2651.9622818755
"100fmol","20231201_jcl_6mix_100pmol_200ngHeLa_optDIA_60min_Wat25cmBEH_2",8166,2,"jlb20230123_HomoSapiens_UniprotRefProteome_UP000005640","BRDT","Homo sapiens","F8W0H2","Bromodomain testis-specific protein (Fragment)","F8W0H2_HUMAN","41.30%",FALSE,2,0,9.22312517076781,597.636797905028
"100fmol","20231201_jcl_6mix_100pmol_200ngHeLa_optDIA_60min_Wat25cmBEH_2",8166,2,"jlb20230123_HomoSapiens_UniprotRefProteome_UP000005640","BMAL2","Homo sapiens","H0Y5R1;Q8WYA1","Basic helix-loop-helix ARNT-like 2 (Fragment);Basic helix-loop-helix ARNT-like protein 2","H0Y5R1_HUMAN;BMAL2_HUMAN","3.7%;3.5%",FALSE,1,0,9.6833725671246,822.21539070043
"100fmol","20231201_jcl_6mix_100pmol_200ngHeLa_optDIA_60min_Wat25cmBEH_2",8166,2,"jlb20230123_HomoSapiens_UniprotRefProteome_UP000005640","DEF6","Homo sapiens","H0Y7V7;Q9H4E7","Differentially-expressed in FDCP 6 homolog;Differentially expressed in FDCP 6 homolog","H0Y7V7_HUMAN;DEFI6_HUMAN","3.4%;3.2%",FALSE,2,0.001485516,10.2148565344108,1188.44262042798
"100fmol","20231201_jcl_6mix_100pmol_200ngHeLa_optDIA_60min_Wat25cmBEH_2",8166,2,"jlb20230123_HomoSapiens_UniprotRefProteome_UP000005640","MYOF","Homo sapiens","H0YD14","Myoferlin (Fragment)","H0YD14_HUMAN","2%",FALSE,2,0,10.3068991532966,1266.73510825969
"100fmol","20231201_jcl_6mix_100pmol_200ngHeLa_optDIA_60min_Wat25cmBEH_2",8166,2,"jlb20230123_HomoSapiens_UniprotRefProteome_UP000005640","ATXN2L","Homo sapiens","H3BUF6","Ataxin-2-like protein","H3BUF6_HUMAN","4.30%",FALSE,2,0,8.13435280194523,280.985680889915
"100fmol","20231201_jcl_6mix_100pmol_200ngHeLa_optDIA_60min_Wat25cmBEH_2",8166,2,"jlb20230123_HomoSapiens_UniprotRefProteome_UP000005640",";TATDN2","Homo sapiens","H7C1W4;Q93075","Deoxyribonuclease TATDN2 (Fragment);Putative deoxyribonuclease TATDN2","H7C1W4_HUMAN;TATD2_HUMAN","5.9%;5.1%",FALSE,2,0.000374719,8.11268853597647,276.797775015687
"100fmol","20231201_jcl_6mix_100pmol_200ngHeLa_optDIA_60min_Wat25cmBEH_2",8166,2,"jlb20230123_HomoSapiens_UniprotRefProteome_UP000005640","FARP2","Homo sapiens","H7C3M7","FERM, ARHGEF and pleckstrin domain-containing protein 2 (Fragment)","H7C3M7_HUMAN","6.20%",FALSE,2,0.00356967,10.0740639150285,1077.94205691609
"100fmol","20231201_jcl_6mix_100pmol_200ngHeLa_optDIA_60min_Wat25cmBEH_2",8166,2,"jlb20230123_HomoSapiens_UniprotRefProteome_UP000005640","TECPR2","Homo sapiens","O15040","Tectonin beta-propeller repeat-containing protein 2","TCPR2_HUMAN","1.60%",FALSE,2,0,10.4654712242573,1413.90671565549
"100fmol","20231201_jcl_6mix_100pmol_200ngHeLa_optDIA_60min_Wat25cmBEH_2",8166,2,"jlb20230123_HomoSapiens_UniprotRefProteome_UP000005640","TLR3","Homo sapiens","O15455","Toll-like receptor 3","TLR3_HUMAN","2.70%",FALSE,2,0,7.90121759595504,239.058119364698
"100fmol","20231201_jcl_6mix_100pmol_200ngHeLa_optDIA_60min_Wat25cmBEH_2",8166,2,"jlb20230123_HomoSapiens_UniprotRefProteome_UP000005640","LRIG2","Homo sapiens","O94898","Leucine-rich repeats and immunoglobulin-like domains protein 2","LRIG2_HUMAN","2.40%",FALSE,2,0.003812569,9.08695218006711,543.807478007376
"100fmol","20231201_jcl_6mix_100pmol_200ngHeLa_optDIA_60min_Wat25cmBEH_2",8166,2,"jlb20230123_HomoSapiens_UniprotRefProteome_UP000005640","RAB3D","Homo sapiens","O95716","Ras-related protein Rab-3D","RAB3D_HUMAN","40.60%",FALSE,7,0,10.2915318526373,1253.31370576385
"100fmol","20231201_jcl_6mix_100pmol_200ngHeLa_optDIA_60min_Wat25cmBEH_2",8166,2,"jlb20230503_Pierce88342_6Mix_Uniprotsequences","ADH1","Saccharomyces cerevisiae (strain ATCC 204508 / S288c)","P00330","Alcohol dehydrogenase 1","ADH1_YEAST","43.60%",FALSE,17,0,14.7669054165321,27879.2748559319
"100fmol","20231201_jcl_6mix_100pmol_200ngHeLa_optDIA_60min_Wat25cmBEH_2",8166,2,"jlb20230503_Pierce88342_6Mix_Uniprotsequences","LYZ","Gallus gallus","P00698","Lysozyme C","LYSC_CHICK","33.30%",FALSE,6,0,13.6701749817126,13035.6507230194
"100fmol","20231201_jcl_6mix_100pmol_200ngHeLa_optDIA_60min_Wat25cmBEH_2",8166,2,"jlb20230503_Pierce88342_6Mix_Uniprotsequences","lacZ","Escherichia coli (strain K12)","P00722","Beta-galactosidase","BGAL_ECOLI","46.70%",FALSE,40,0,14.7448400294752,27456.1178400444
"100fmol","20231201_jcl_6mix_100pmol_200ngHeLa_optDIA_60min_Wat25cmBEH_2",8166,2,"jlb20230123_HomoSapiens_UniprotRefProteome_UP000005640","CSTA","Homo sapiens","P01040","Cystatin-A","CYTA_HUMAN","42.90%",FALSE,3,0,9.23581412658751,602.916384949255
"100fmol","20231201_jcl_6mix_100pmol_200ngHeLa_optDIA_60min_Wat25cmBEH_2",8166,2,"jlb20230123_HomoSapiens_UniprotRefProteome_UP000005640","PRKCB","Homo sapiens","P05771","Protein kinase C beta type","KPCB_HUMAN","3.90%",FALSE,2,0,10.3890147176933,1340.92675266913
"100fmol","20231201_jcl_6mix_100pmol_200ngHeLa_optDIA_60min_Wat25cmBEH_2",8166,2,"jlb20230123_HomoSapiens_UniprotRefProteome_UP000005640","LPL","Homo sapiens","P06858","Lipoprotein lipase","LIPL_HUMAN","7.60%",FALSE,2,0,8.73097952017725,424.899996098023
"100fmol","20231201_jcl_6mix_100pmol_200ngHeLa_optDIA_60min_Wat25cmBEH_2",8166,2,"jlb20230123_HomoSapiens_UniprotRefProteome_UP000005640","PIP","Homo sapiens","P12273","Prolactin-inducible protein","PIP_HUMAN","21.20%",FALSE,2,0,6.97487043861702,125.789739545472
"100fmol","20231201_jcl_6mix_100pmol_200ngHeLa_optDIA_60min_Wat25cmBEH_2",8166,2,"jlb20230123_HomoSapiens_UniprotRefProteome_UP000005640","C6","Homo sapiens","P13671","Complement component C6","CO6_HUMAN","4.50%",FALSE,2,0,6.85483779561488,115.747545924594
"100fmol","20231201_jcl_6mix_100pmol_200ngHeLa_optDIA_60min_Wat25cmBEH_2",8166,2,"jlb20230123_HomoSapiens_UniprotRefProteome_UP000005640","GLB1","Homo sapiens","P16278","Beta-galactosidase","BGAL_HUMAN","28.10%",FALSE,16,0,11.6342477998863,3178.75872151847
"100fmol","20231201_jcl_6mix_100pmol_200ngHeLa_optDIA_60min_Wat25cmBEH_2",8166,2,"jlb20230123_HomoSapiens_UniprotRefProteome_UP000005640","TARS1","Homo sapiens","P26639","Threonine--tRNA ligase 1, cytoplasmic","SYTC_HUMAN","62.80%",FALSE,42,0,14.7438923490198,27438.0883317425
"100fmol","20231201_jcl_6mix_100pmol_200ngHeLa_optDIA_60min_Wat25cmBEH_2",8166,2,"jlb20230123_HomoSapiens_UniprotRefProteome_UP000005640","CASP14","Homo sapiens","P31944","Caspase-14","CASPE_HUMAN","40.10%",FALSE,7,0,7.2440189080189,151.588753032505
"100fmol","20231201_jcl_6mix_100pmol_200ngHeLa_optDIA_60min_Wat25cmBEH_2",8166,2,"jlb20230123_HomoSapiens_UniprotRefProteome_UP000005640","DCAF6","Homo sapiens","Q58WW2","DDB1- and CUL4-associated factor 6","DCAF6_HUMAN","4.10%",FALSE,2,0,8.39533217931307,336.702863237597
"100fmol","20231201_jcl_6mix_100pmol_200ngHeLa_optDIA_60min_Wat25cmBEH_2",8166,2,"jlb20230123_HomoSapiens_UniprotRefProteome_UP000005640","DALRD3","Homo sapiens","Q5D0E6","DALR anticodon-binding domain-containing protein 3","DALD3_HUMAN","7%",FALSE,2,0,9.92117723963803,969.553863821488
"100fmol","20231201_jcl_6mix_100pmol_200ngHeLa_optDIA_60min_Wat25cmBEH_2",8166,2,"jlb20230123_HomoSapiens_UniprotRefProteome_UP000005640","HGSNAT","Homo sapiens","Q68CP4","Heparan-alpha-glucosaminide N-acetyltransferase","HGNAT_HUMAN","3.80%",FALSE,2,0,10.5530255550971,1502.37115635829
"100fmol","20231201_jcl_6mix_100pmol_200ngHeLa_optDIA_60min_Wat25cmBEH_2",8166,2,"jlb20230123_HomoSapiens_UniprotRefProteome_UP000005640","RFFL","Homo sapiens","Q8WZ73","E3 ubiquitin-protein ligase rififylin","RFFL_HUMAN","10.20%",FALSE,2,0,7.15268682229527,142.289640824158
"100fmol","20231201_jcl_6mix_100pmol_200ngHeLa_optDIA_60min_Wat25cmBEH_2",8166,2,"jlb20230123_HomoSapiens_UniprotRefProteome_UP000005640","RNF185","Homo sapiens","Q96GF1","E3 ubiquitin-protein ligase RNF185","RN185_HUMAN","7.30%",FALSE,2,0,10.1077099087531,1103.37685569033
"100fmol","20231201_jcl_6mix_100pmol_200ngHeLa_optDIA_60min_Wat25cmBEH_2",8166,2,"jlb20230123_HomoSapiens_UniprotRefProteome_UP000005640","ZNF462","Homo sapiens","Q96JM2","Zinc finger protein 462","ZN462_HUMAN","2.30%",FALSE,4,0.000374719,8.5475031778459,374.157835540584
"100fmol","20231201_jcl_6mix_100pmol_200ngHeLa_optDIA_60min_Wat25cmBEH_2",8166,2,"jlb20230123_HomoSapiens_UniprotRefProteome_UP000005640","ALKBH7","Homo sapiens","Q9BT30","Alpha-ketoglutarate-dependent dioxygenase alkB homolog 7, mitochondrial","ALKB7_HUMAN","14%",FALSE,2,0,7.07211308009314,134.560678970352
"100fmol","20231201_jcl_6mix_100pmol_200ngHeLa_optDIA_60min_Wat25cmBEH_2",8166,2,"jlb20230123_HomoSapiens_UniprotRefProteome_UP000005640","POLK","Homo sapiens","Q9UBT6","DNA polymerase kappa","POLK_HUMAN","4.10%",FALSE,2,0,9.47004532469695,709.198327983918
"100fmol","20231201_jcl_6mix_100pmol_200ngHeLa_optDIA_60min_Wat25cmBEH_2",8166,2,"jlb20230123_HomoSapiens_UniprotRefProteome_UP000005640","ACAD8","Homo sapiens","Q9UKU7","Isobutyryl-CoA dehydrogenase, mitochondrial","ACAD8_HUMAN","5.50%",FALSE,2,0,8.03831448371278,262.889823102383
"100fmol","20231201_jcl_6mix_100pmol_200ngHeLa_optDIA_60min_Wat25cmBEH_3",8170,3,"jlb20230123_HomoSapiens_UniprotRefProteome_UP000005640","ELOF1","Homo sapiens","A0A024R7E8;K7EMV4;K7EN05;K7EPC8;K7EQ44;P60002","Transcription elongation factor 1 homolog","A0A024R7E8_HUMAN;K7EMV4_HUMAN;K7EN05_HUMAN;K7EPC8_HUMAN;K7EQ44_HUMAN;ELOF1_HUMAN","17.3%;15%;23.7%;20%;15.8%;21.7%",TRUE,1,0,11.1319615047187,2244.162616129
"100fmol","20231201_jcl_6mix_100pmol_200ngHeLa_optDIA_60min_Wat25cmBEH_3",8170,3,"jlb20230123_HomoSapiens_UniprotRefProteome_UP000005640","NUDT4B;NUDT4","Homo sapiens","A0A024RBG1;Q9NZJ9","Diphosphoinositol polyphosphate phosphohydrolase NUDT4B;Diphosphoinositol polyphosphate phosphohydrolase 2","NUD4B_HUMAN;NUDT4_HUMAN","29.8%;30%",FALSE,4,0,10.4583778885343,1406.97198628088
"100fmol","20231201_jcl_6mix_100pmol_200ngHeLa_optDIA_60min_Wat25cmBEH_3",8170,3,"jlb20230123_HomoSapiens_UniprotRefProteome_UP000005640","NOSIP","Homo sapiens","A0A075B6F9","Nitric oxide synthase-interacting protein","A0A075B6F9_HUMAN","7.90%",TRUE,1,0,7.2440233140061,151.589215984901
"100fmol","20231201_jcl_6mix_100pmol_200ngHeLa_optDIA_60min_Wat25cmBEH_3",8170,3,"jlb20230123_HomoSapiens_UniprotRefProteome_UP000005640","PPIAL4E;PPIAL4F;PPIAL4D;PPIAL4F","Homo sapiens","A0A075B759;A0A0H2UH34;F5H284;P0DN26","Peptidyl-prolyl cis-trans isomerase A-like 4E;Peptidyl-prolyl cis-trans isomerase;Peptidyl-prolyl cis-trans isomerase A-like 4D;Peptidyl-prolyl cis-trans isomerase A-like 4F","PAL4E_HUMAN;A0A0H2UH34_HUMAN;PAL4D_HUMAN;PAL4F_HUMAN","0%;0%;0%;0%",TRUE,0,0.738363141,NA,NA
"100fmol","20231201_jcl_6mix_100pmol_200ngHeLa_optDIA_60min_Wat25cmBEH_3",8170,3,"jlb20230123_HomoSapiens_UniprotRefProteome_UP000005640","IKBKE","Homo sapiens","A0A075B7B4;Q14164","Inhibitor of nuclear factor kappa-B kinase subunit epsilon","A0A075B7B4_HUMAN;IKKE_HUMAN","0%;0%",TRUE,0,0.321037601,NA,NA
"100fmol","20231201_jcl_6mix_100pmol_200ngHeLa_optDIA_60min_Wat25cmBEH_3",8170,3,"jlb20230123_HomoSapiens_UniprotRefProteome_UP000005640","PSG7;PSG7;PSG6;PSG5;PSG5;PSG6;PSG5;PSG6;PSG7;PSG5","Homo sapiens","A0A087WT09;A0A096LNM5;B5MCE1;E7EQY3;E9PC55;M0QZA7;M0R1G9;Q00889;Q13046;Q15238","Putative pregnancy-specific beta-1-glycoprotein 7;Putative pregnancy-specific beta-1-glycoprotein 7;Pregnancy-specific beta-1-glycoprotein 6;Pregnancy-specific beta-1-glycoprotein 5;Pregnancy-specific beta-1-glycoprotein 5;Pregnancy-specific beta-1-glycoprotein 6 (Fragment);Pregnancy-specific beta-1-glycoprotein 5;Pregnancy-specific beta-1-glycoprotein 6;Pregnancy-specific beta-1-glycoprotein 7;Pregnancy-specific beta-1-glycoprotein 5","A0A087WT09_HUMAN;A0A096LNM5_HUMAN;B5MCE1_HUMAN;E7EQY3_HUMAN;E9PC55_HUMAN;M0QZA7_HUMAN;M0R1G9_HUMAN;PSG6_HUMAN;PSG7_HUMAN;PSG5_HUMAN","0%;0%;0%;0%;0%;0%;0%;0%;0%;0%",TRUE,0,0.652998341,NA,NA
"100fmol","20231201_jcl_6mix_100pmol_200ngHeLa_optDIA_60min_Wat25cmBEH_3",8170,3,"jlb20230123_HomoSapiens_UniprotRefProteome_UP000005640","HTD2","Homo sapiens","A0A087WTC8;P86397","Hydroxyacyl-thioester dehydratase type 2, mitochondrial (Fragment);Hydroxyacyl-thioester dehydratase type 2, mitochondrial","A0A087WTC8_HUMAN;HTD2_HUMAN","36.8%;16.7%",TRUE,1,0,9.29367674714888,627.589213822002
"100fmol","20231201_jcl_6mix_100pmol_200ngHeLa_optDIA_60min_Wat25cmBEH_3",8170,3,"jlb20230123_HomoSapiens_UniprotRefProteome_UP000005640","BCL2L13","Homo sapiens","A0A087WTL4","Bcl-2-like protein 13","A0A087WTL4_HUMAN","2.80%",TRUE,1,0,11.3339720286468,2581.4608954298
"100fmol","20231201_jcl_6mix_100pmol_200ngHeLa_optDIA_60min_Wat25cmBEH_3",8170,3,"jlb20230123_HomoSapiens_UniprotRefProteome_UP000005640","KCNIP1","Homo sapiens","A0A087WTU8;A0A0A0MS16;A0A1B0GTZ7;Q9NZI2","Kv channel-interacting protein 1","A0A087WTU8_HUMAN;A0A0A0MS16_HUMAN;A0A1B0GTZ7_HUMAN;KCIP1_HUMAN","0%;0%;0%;0%",TRUE,0,0.031887909,NA,NA
"100fmol","20231201_jcl_6mix_100pmol_200ngHeLa_optDIA_60min_Wat25cmBEH_3",8170,3,"jlb20230123_HomoSapiens_UniprotRefProteome_UP000005640","ALMS1","Homo sapiens","A0A087WTU9;A0A087WV20;A0A804HIB7;A0A804HJA5;A0A804HJW3;A0A804HKC0;A0A804HKP4;A0A804HL70;Q8TCU4","Centrosome-associated protein ALMS1;Centrosome-associated protein ALMS1;Centrosome-associated protein ALMS1 (Fragment);Centrosome-associated protein ALMS1 (Fragment);Centrosome-associated protein ALMS1 (Fragment);Centrosome-associated protein ALMS1 (Fragment);Centrosome-associated protein ALMS1 (Fragment);Centrosome-associated protein ALMS1 (Fragment);Centrosome-associated protein ALMS1","A0A087WTU9_HUMAN;A0A087WV20_HUMAN;A0A804HIB7_HUMAN;A0A804HJA5_HUMAN;A0A804HJW3_HUMAN;A0A804HKC0_HUMAN;A0A804HKP4_HUMAN;A0A804HL70_HUMAN;ALMS1_HUMAN","0%;0%;0%;0%;0%;0%;0%;0%;0%",TRUE,0,0.124715739,NA,NA
"100fmol","20231201_jcl_6mix_100pmol_200ngHeLa_optDIA_60min_Wat25cmBEH_3",8170,3,"jlb20230123_HomoSapiens_UniprotRefProteome_UP000005640","HNRNPDL","Homo sapiens","A0A087WU03","Heterogeneous nuclear ribonucleoprotein D-like","A0A087WU03_HUMAN","31.60%",TRUE,1,0,12.8622758967611,7446.13417061888
"100fmol","20231201_jcl_6mix_100pmol_200ngHeLa_optDIA_60min_Wat25cmBEH_3",8170,3,"jlb20230123_HomoSapiens_UniprotRefProteome_UP000005640","PTBP1","Homo sapiens","A0A087WU68","Polypyrimidine tract-binding protein 1 (Fragment)","A0A087WU68_HUMAN","22.90%",TRUE,1,0,9.33576442930444,646.167522257374
"100fmol","20231201_jcl_6mix_100pmol_200ngHeLa_optDIA_60min_Wat25cmBEH_3",8170,3,"jlb20230123_HomoSapiens_UniprotRefProteome_UP000005640","NBDY","Homo sapiens","A0A0U1RRE5","Negative regulator of P-body association","NBDY_HUMAN","51.50%",FALSE,2,0,9.97282416316654,1004.89159692474
"100fmol","20231201_jcl_6mix_100pmol_200ngHeLa_optDIA_60min_Wat25cmBEH_3",8170,3,"jlb20230123_HomoSapiens_UniprotRefProteome_UP000005640","AHRR","Homo sapiens","A0A7I2PK40;A9YTQ3;D6RE68","Aryl hydrocarbon receptor repressor","A0A7I2PK40_HUMAN;AHRR_HUMAN;D6RE68_HUMAN","4.3%;4.3%;5.4%",FALSE,2,0,10.7894013062342,1769.83764495383
"100fmol","20231201_jcl_6mix_100pmol_200ngHeLa_optDIA_60min_Wat25cmBEH_3",8170,3,"jlb20230123_HomoSapiens_UniprotRefProteome_UP000005640","PIP5K1C","Homo sapiens","A0A7P0T808;O60331","Phosphatidylinositol 4-phosphate 5-kinase type-1 gamma","A0A7P0T808_HUMAN;PI51C_HUMAN","4.3%;4.5%",FALSE,2,0,12.2247507389418,4786.48455570869
"100fmol","20231201_jcl_6mix_100pmol_200ngHeLa_optDIA_60min_Wat25cmBEH_3",8170,3,"jlb20230123_HomoSapiens_UniprotRefProteome_UP000005640","MYLK","Homo sapiens","A0A8I5KU53;Q15746","Myosin light chain kinase, smooth muscle;Myosin light chain kinase, smooth muscle","A0A8I5KU53_HUMAN;MYLK_HUMAN","1.9%;1.9%",FALSE,2,0.000374719,11.0999359902235,2194.894665597
"100fmol","20231201_jcl_6mix_100pmol_200ngHeLa_optDIA_60min_Wat25cmBEH_3",8170,3,"jlb20230123_HomoSapiens_UniprotRefProteome_UP000005640","ZNF840P","Homo sapiens","A6NDX5","Putative zinc finger protein 840","ZN840_HUMAN","3.10%",FALSE,2,0,7.96500208967108,249.86449267458
"100fmol","20231201_jcl_6mix_100pmol_200ngHeLa_optDIA_60min_Wat25cmBEH_3",8170,3,"jlb20230123_HomoSapiens_UniprotRefProteome_UP000005640","CCDC85C","Homo sapiens","A6NKD9","Coiled-coil domain-containing protein 85C","CC85C_HUMAN","10.50%",FALSE,2,0,9.11724396194123,555.346335303879
"100fmol","20231201_jcl_6mix_100pmol_200ngHeLa_optDIA_60min_Wat25cmBEH_3",8170,3,"jlb20230123_HomoSapiens_UniprotRefProteome_UP000005640","TMCO5B","Homo sapiens","A8MYB1","Transmembrane and coiled-coil domain-containing protein 5B","TMC5B_HUMAN","2.30%",FALSE,1,0,9.00700359471336,514.491557996209
"100fmol","20231201_jcl_6mix_100pmol_200ngHeLa_optDIA_60min_Wat25cmBEH_3",8170,3,"jlb20230123_HomoSapiens_UniprotRefProteome_UP000005640","AZGP1","Homo sapiens","C9JEV0;P25311","Zinc-alpha-2-glycoprotein","C9JEV0_HUMAN;ZA2G_HUMAN","16.3%;12.4%",FALSE,2,0,6.8627108437145,116.380927911953
"100fmol","20231201_jcl_6mix_100pmol_200ngHeLa_optDIA_60min_Wat25cmBEH_3",8170,3,"jlb20230123_HomoSapiens_UniprotRefProteome_UP000005640","USP4","Homo sapiens","C9JNU9","Ubiquitin carboxyl-terminal hydrolase 4","C9JNU9_HUMAN","9.90%",FALSE,2,0.000252048,8.97520859808796,503.276909588588
"100fmol","20231201_jcl_6mix_100pmol_200ngHeLa_optDIA_60min_Wat25cmBEH_3",8170,3,"20230525_jclcleaned_MQcontaminants","ALB","","CON__P02769","Bovine serum albumin","ALBU_BOVIN","70.50%",FALSE,50,0,16.6325187672537,101598.442992513
"100fmol","20231201_jcl_6mix_100pmol_200ngHeLa_optDIA_60min_Wat25cmBEH_3",8170,3,"20230525_jclcleaned_MQcontaminants","CYCS","","CON__P62894","Cytochrome c","CYC_BOVIN","59%",FALSE,9,0,13.0842013966251,8684.34542991246
"100fmol","20231201_jcl_6mix_100pmol_200ngHeLa_optDIA_60min_Wat25cmBEH_3",8170,3,"20230525_jclcleaned_MQcontaminants","TF","","CON__Q0IIK2","Serotransferrin (UP merge to Q29443)","TRFE_BOVIN","77.10%",FALSE,57,0,14.0380273743816,16821.6006950977
"100fmol","20231201_jcl_6mix_100pmol_200ngHeLa_optDIA_60min_Wat25cmBEH_3",8170,3,"20230525_jclcleaned_MQcontaminants","KRT16","","CON__Q3ZAW8;CON__Q9Z2K1","Keratin intermediate filament 16a;Keratin, type I cytoskeletal 16","KRT16_MOUSE","3.4%;3.4%",FALSE,1,0,9.67054715539694,814.938373655595
"100fmol","20231201_jcl_6mix_100pmol_200ngHeLa_optDIA_60min_Wat25cmBEH_3",8170,3,"jlb20230123_HomoSapiens_UniprotRefProteome_UP000005640","BRDT","Homo sapiens","F8W0H2","Bromodomain testis-specific protein (Fragment)","F8W0H2_HUMAN","41.30%",FALSE,2,0,9.36742866605907,660.506370561724
"100fmol","20231201_jcl_6mix_100pmol_200ngHeLa_optDIA_60min_Wat25cmBEH_3",8170,3,"jlb20230123_HomoSapiens_UniprotRefProteome_UP000005640","BMAL2","Homo sapiens","H0Y5R1;Q8WYA1","Basic helix-loop-helix ARNT-like 2 (Fragment);Basic helix-loop-helix ARNT-like protein 2","H0Y5R1_HUMAN;BMAL2_HUMAN","3.7%;3.5%",FALSE,1,0,10.0536488712487,1062.79591413705
"100fmol","20231201_jcl_6mix_100pmol_200ngHeLa_optDIA_60min_Wat25cmBEH_3",8170,3,"jlb20230123_HomoSapiens_UniprotRefProteome_UP000005640","DEF6","Homo sapiens","H0Y7V7;Q9H4E7","Differentially-expressed in FDCP 6 homolog;Differentially expressed in FDCP 6 homolog","H0Y7V7_HUMAN;DEFI6_HUMAN","3.4%;3.2%",FALSE,2,0.001485516,10.0495302392531,1059.76615183372
"100fmol","20231201_jcl_6mix_100pmol_200ngHeLa_optDIA_60min_Wat25cmBEH_3",8170,3,"jlb20230123_HomoSapiens_UniprotRefProteome_UP000005640","MYOF","Homo sapiens","H0YD14","Myoferlin (Fragment)","H0YD14_HUMAN","2%",FALSE,2,0,9.98706373148993,1014.85910350016
"100fmol","20231201_jcl_6mix_100pmol_200ngHeLa_optDIA_60min_Wat25cmBEH_3",8170,3,"jlb20230123_HomoSapiens_UniprotRefProteome_UP000005640","ATXN2L","Homo sapiens","H3BUF6","Ataxin-2-like protein","H3BUF6_HUMAN","4.30%",FALSE,2,0,8.23717956475008,301.743642524852
"100fmol","20231201_jcl_6mix_100pmol_200ngHeLa_optDIA_60min_Wat25cmBEH_3",8170,3,"jlb20230123_HomoSapiens_UniprotRefProteome_UP000005640",";TATDN2","Homo sapiens","H7C1W4;Q93075","Deoxyribonuclease TATDN2 (Fragment);Putative deoxyribonuclease TATDN2","H7C1W4_HUMAN;TATD2_HUMAN","5.9%;5.1%",FALSE,2,0.000374719,7.85361978722281,231.299732493816
"100fmol","20231201_jcl_6mix_100pmol_200ngHeLa_optDIA_60min_Wat25cmBEH_3",8170,3,"jlb20230123_HomoSapiens_UniprotRefProteome_UP000005640","FARP2","Homo sapiens","H7C3M7","FERM, ARHGEF and pleckstrin domain-containing protein 2 (Fragment)","H7C3M7_HUMAN","6.20%",FALSE,2,0.00356967,10.601812115146,1554.04451576343
"100fmol","20231201_jcl_6mix_100pmol_200ngHeLa_optDIA_60min_Wat25cmBEH_3",8170,3,"jlb20230123_HomoSapiens_UniprotRefProteome_UP000005640","TECPR2","Homo sapiens","O15040","Tectonin beta-propeller repeat-containing protein 2","TCPR2_HUMAN","1.60%",FALSE,2,0,14.1647059042463,18365.4408155251
"100fmol","20231201_jcl_6mix_100pmol_200ngHeLa_optDIA_60min_Wat25cmBEH_3",8170,3,"jlb20230123_HomoSapiens_UniprotRefProteome_UP000005640","TLR3","Homo sapiens","O15455","Toll-like receptor 3","TLR3_HUMAN","2.70%",FALSE,2,0,7.57265170083963,190.368596765393
"100fmol","20231201_jcl_6mix_100pmol_200ngHeLa_optDIA_60min_Wat25cmBEH_3",8170,3,"jlb20230123_HomoSapiens_UniprotRefProteome_UP000005640","LRIG2","Homo sapiens","O94898","Leucine-rich repeats and immunoglobulin-like domains protein 2","LRIG2_HUMAN","2.40%",FALSE,2,0.003812569,8.20780577375048,295.662153945892
"100fmol","20231201_jcl_6mix_100pmol_200ngHeLa_optDIA_60min_Wat25cmBEH_3",8170,3,"jlb20230123_HomoSapiens_UniprotRefProteome_UP000005640","RAB3D","Homo sapiens","O95716","Ras-related protein Rab-3D","RAB3D_HUMAN","40.60%",FALSE,7,0,10.3606758182033,1314.84390229044
"100fmol","20231201_jcl_6mix_100pmol_200ngHeLa_optDIA_60min_Wat25cmBEH_3",8170,3,"jlb20230503_Pierce88342_6Mix_Uniprotsequences","ADH1","Saccharomyces cerevisiae (strain ATCC 204508 / S288c)","P00330","Alcohol dehydrogenase 1","ADH1_YEAST","43.60%",FALSE,17,0,15.0014486478963,32800.9197325014
"100fmol","20231201_jcl_6mix_100pmol_200ngHeLa_optDIA_60min_Wat25cmBEH_3",8170,3,"jlb20230503_Pierce88342_6Mix_Uniprotsequences","LYZ","Gallus gallus","P00698","Lysozyme C","LYSC_CHICK","33.30%",FALSE,6,0,13.5587045961527,12066.374098467
"100fmol","20231201_jcl_6mix_100pmol_200ngHeLa_optDIA_60min_Wat25cmBEH_3",8170,3,"jlb20230503_Pierce88342_6Mix_Uniprotsequences","lacZ","Escherichia coli (strain K12)","P00722","Beta-galactosidase","BGAL_ECOLI","46.70%",FALSE,40,0,14.6003151671741,24838.9258761939
"100fmol","20231201_jcl_6mix_100pmol_200ngHeLa_optDIA_60min_Wat25cmBEH_3",8170,3,"jlb20230123_HomoSapiens_UniprotRefProteome_UP000005640","CSTA","Homo sapiens","P01040","Cystatin-A","CYTA_HUMAN","30.60%",FALSE,2,0,9.21864453507605,595.783572705614
"100fmol","20231201_jcl_6mix_100pmol_200ngHeLa_optDIA_60min_Wat25cmBEH_3",8170,3,"jlb20230123_HomoSapiens_UniprotRefProteome_UP000005640","PRKCB","Homo sapiens","P05771","Protein kinase C beta type","KPCB_HUMAN","3.90%",FALSE,2,0,10.2485544575384,1216.52854530575
"100fmol","20231201_jcl_6mix_100pmol_200ngHeLa_optDIA_60min_Wat25cmBEH_3",8170,3,"jlb20230123_HomoSapiens_UniprotRefProteome_UP000005640","LPL","Homo sapiens","P06858","Lipoprotein lipase","LIPL_HUMAN","7.60%",FALSE,2,0,8.17209912815708,288.434340254093
"100fmol","20231201_jcl_6mix_100pmol_200ngHeLa_optDIA_60min_Wat25cmBEH_3",8170,3,"jlb20230123_HomoSapiens_UniprotRefProteome_UP000005640","PIP","Homo sapiens","P12273","Prolactin-inducible protein","PIP_HUMAN","10.30%",FALSE,1,0,6.97040901403477,125.401345201733
"100fmol","20231201_jcl_6mix_100pmol_200ngHeLa_optDIA_60min_Wat25cmBEH_3",8170,3,"jlb20230123_HomoSapiens_UniprotRefProteome_UP000005640","C6","Homo sapiens","P13671","Complement component C6","CO6_HUMAN","4.50%",FALSE,2,0,6.84841762904608,115.233599823498
"100fmol","20231201_jcl_6mix_100pmol_200ngHeLa_optDIA_60min_Wat25cmBEH_3",8170,3,"jlb20230123_HomoSapiens_UniprotRefProteome_UP000005640","GLB1","Homo sapiens","P16278","Beta-galactosidase","BGAL_HUMAN","28.10%",FALSE,16,0,11.8539956756576,3701.76007307883
"100fmol","20231201_jcl_6mix_100pmol_200ngHeLa_optDIA_60min_Wat25cmBEH_3",8170,3,"jlb20230123_HomoSapiens_UniprotRefProteome_UP000005640","TARS1","Homo sapiens","P26639","Threonine--tRNA ligase 1, cytoplasmic","SYTC_HUMAN","62.80%",FALSE,42,0,14.6193678560512,25169.1322253759
"100fmol","20231201_jcl_6mix_100pmol_200ngHeLa_optDIA_60min_Wat25cmBEH_3",8170,3,"jlb20230123_HomoSapiens_UniprotRefProteome_UP000005640","CASP14","Homo sapiens","P31944","Caspase-14","CASPE_HUMAN","32.20%",FALSE,5,0,6.66170676415354,101.244993848244
"100fmol","20231201_jcl_6mix_100pmol_200ngHeLa_optDIA_60min_Wat25cmBEH_3",8170,3,"jlb20230123_HomoSapiens_UniprotRefProteome_UP000005640","DCAF6","Homo sapiens","Q58WW2","DDB1- and CUL4-associated factor 6","DCAF6_HUMAN","4.10%",FALSE,2,0,8.2639686830847,307.39900458242
"100fmol","20231201_jcl_6mix_100pmol_200ngHeLa_optDIA_60min_Wat25cmBEH_3",8170,3,"jlb20230123_HomoSapiens_UniprotRefProteome_UP000005640","DALRD3","Homo sapiens","Q5D0E6","DALR anticodon-binding domain-containing protein 3","DALD3_HUMAN","7%",FALSE,2,0,10.1224650192109,1114.71950629164
"100fmol","20231201_jcl_6mix_100pmol_200ngHeLa_optDIA_60min_Wat25cmBEH_3",8170,3,"jlb20230123_HomoSapiens_UniprotRefProteome_UP000005640","HGSNAT","Homo sapiens","Q68CP4","Heparan-alpha-glucosaminide N-acetyltransferase","HGNAT_HUMAN","3.80%",FALSE,2,0,10.2393111669802,1208.75921010666
"100fmol","20231201_jcl_6mix_100pmol_200ngHeLa_optDIA_60min_Wat25cmBEH_3",8170,3,"jlb20230123_HomoSapiens_UniprotRefProteome_UP000005640","RFFL","Homo sapiens","Q8WZ73","E3 ubiquitin-protein ligase rififylin","RFFL_HUMAN","10.20%",FALSE,2,0,6.97932175905702,126.178453114401
"100fmol","20231201_jcl_6mix_100pmol_200ngHeLa_optDIA_60min_Wat25cmBEH_3",8170,3,"jlb20230123_HomoSapiens_UniprotRefProteome_UP000005640","RNF185","Homo sapiens","Q96GF1","E3 ubiquitin-protein ligase RNF185","RN185_HUMAN","7.30%",FALSE,2,0,10.8692119768216,1870.50483123485
"100fmol","20231201_jcl_6mix_100pmol_200ngHeLa_optDIA_60min_Wat25cmBEH_3",8170,3,"jlb20230123_HomoSapiens_UniprotRefProteome_UP000005640","ZNF462","Homo sapiens","Q96JM2","Zinc finger protein 462","ZN462_HUMAN","2%",FALSE,3,0.000374719,8.68849977137722,412.571333213165
"100fmol","20231201_jcl_6mix_100pmol_200ngHeLa_optDIA_60min_Wat25cmBEH_3",8170,3,"jlb20230123_HomoSapiens_UniprotRefProteome_UP000005640","ALKBH7","Homo sapiens","Q9BT30","Alpha-ketoglutarate-dependent dioxygenase alkB homolog 7, mitochondrial","ALKB7_HUMAN","14%",FALSE,2,0,7.2197455492891,149.059606839327
"100fmol","20231201_jcl_6mix_100pmol_200ngHeLa_optDIA_60min_Wat25cmBEH_3",8170,3,"jlb20230123_HomoSapiens_UniprotRefProteome_UP000005640","POLK","Homo sapiens","Q9UBT6","DNA polymerase kappa","POLK_HUMAN","4.10%",FALSE,2,0,7.51080143813123,182.379711489791
"100fmol","20231201_jcl_6mix_100pmol_200ngHeLa_optDIA_60min_Wat25cmBEH_3",8170,3,"jlb20230123_HomoSapiens_UniprotRefProteome_UP000005640","ACAD8","Homo sapiens","Q9UKU7","Isobutyryl-CoA dehydrogenase, mitochondrial","ACAD8_HUMAN","5.50%",FALSE,2,0,7.72407578439597,211.43578859892
"100fmol","20231201_jcl_6mix_100pmol_200ngHeLa_optDIA_60min_Wat25cmBEH_4",8159,4,"jlb20230123_HomoSapiens_UniprotRefProteome_UP000005640","ELOF1","Homo sapiens","A0A024R7E8;K7EMV4;K7EN05;K7EPC8;K7EQ44;P60002","Transcription elongation factor 1 homolog","A0A024R7E8_HUMAN;K7EMV4_HUMAN;K7EN05_HUMAN;K7EPC8_HUMAN;K7EQ44_HUMAN;ELOF1_HUMAN","17.3%;15%;23.7%;20%;15.8%;21.7%",TRUE,1,0,11.3921971295419,2687.7758814362
"100fmol","20231201_jcl_6mix_100pmol_200ngHeLa_optDIA_60min_Wat25cmBEH_4",8159,4,"jlb20230123_HomoSapiens_UniprotRefProteome_UP000005640","NUDT4B;NUDT4","Homo sapiens","A0A024RBG1;Q9NZJ9","Diphosphoinositol polyphosphate phosphohydrolase NUDT4B;Diphosphoinositol polyphosphate phosphohydrolase 2","NUD4B_HUMAN;NUDT4_HUMAN","29.8%;30%",FALSE,4,0,10.7154445057735,1681.39678671694
"100fmol","20231201_jcl_6mix_100pmol_200ngHeLa_optDIA_60min_Wat25cmBEH_4",8159,4,"jlb20230123_HomoSapiens_UniprotRefProteome_UP000005640","NOSIP","Homo sapiens","A0A075B6F9","Nitric oxide synthase-interacting protein","A0A075B6F9_HUMAN","7.90%",TRUE,1,0,6.71595701020633,105.124637118925
"100fmol","20231201_jcl_6mix_100pmol_200ngHeLa_optDIA_60min_Wat25cmBEH_4",8159,4,"jlb20230123_HomoSapiens_UniprotRefProteome_UP000005640","PPIAL4E;PPIAL4F;PPIAL4D;PPIAL4F","Homo sapiens","A0A075B759;A0A0H2UH34;F5H284;P0DN26","Peptidyl-prolyl cis-trans isomerase A-like 4E;Peptidyl-prolyl cis-trans isomerase;Peptidyl-prolyl cis-trans isomerase A-like 4D;Peptidyl-prolyl cis-trans isomerase A-like 4F","PAL4E_HUMAN;A0A0H2UH34_HUMAN;PAL4D_HUMAN;PAL4F_HUMAN","0%;0%;0%;0%",TRUE,0,0.738363141,NA,NA
"100fmol","20231201_jcl_6mix_100pmol_200ngHeLa_optDIA_60min_Wat25cmBEH_4",8159,4,"jlb20230123_HomoSapiens_UniprotRefProteome_UP000005640","IKBKE","Homo sapiens","A0A075B7B4;Q14164","Inhibitor of nuclear factor kappa-B kinase subunit epsilon","A0A075B7B4_HUMAN;IKKE_HUMAN","0%;0%",TRUE,0,0.321037601,NA,NA
"100fmol","20231201_jcl_6mix_100pmol_200ngHeLa_optDIA_60min_Wat25cmBEH_4",8159,4,"jlb20230123_HomoSapiens_UniprotRefProteome_UP000005640","PSG7;PSG7;PSG6;PSG5;PSG5;PSG6;PSG5;PSG6;PSG7;PSG5","Homo sapiens","A0A087WT09;A0A096LNM5;B5MCE1;E7EQY3;E9PC55;M0QZA7;M0R1G9;Q00889;Q13046;Q15238","Putative pregnancy-specific beta-1-glycoprotein 7;Putative pregnancy-specific beta-1-glycoprotein 7;Pregnancy-specific beta-1-glycoprotein 6;Pregnancy-specific beta-1-glycoprotein 5;Pregnancy-specific beta-1-glycoprotein 5;Pregnancy-specific beta-1-glycoprotein 6 (Fragment);Pregnancy-specific beta-1-glycoprotein 5;Pregnancy-specific beta-1-glycoprotein 6;Pregnancy-specific beta-1-glycoprotein 7;Pregnancy-specific beta-1-glycoprotein 5","A0A087WT09_HUMAN;A0A096LNM5_HUMAN;B5MCE1_HUMAN;E7EQY3_HUMAN;E9PC55_HUMAN;M0QZA7_HUMAN;M0R1G9_HUMAN;PSG6_HUMAN;PSG7_HUMAN;PSG5_HUMAN","0%;0%;0%;0%;0%;0%;0%;0%;0%;0%",TRUE,0,0.652998341,NA,NA
"100fmol","20231201_jcl_6mix_100pmol_200ngHeLa_optDIA_60min_Wat25cmBEH_4",8159,4,"jlb20230123_HomoSapiens_UniprotRefProteome_UP000005640","HTD2","Homo sapiens","A0A087WTC8;P86397","Hydroxyacyl-thioester dehydratase type 2, mitochondrial (Fragment);Hydroxyacyl-thioester dehydratase type 2, mitochondrial","A0A087WTC8_HUMAN;HTD2_HUMAN","36.8%;16.7%",TRUE,1,0,9.54324651537798,746.111024488846
"100fmol","20231201_jcl_6mix_100pmol_200ngHeLa_optDIA_60min_Wat25cmBEH_4",8159,4,"jlb20230123_HomoSapiens_UniprotRefProteome_UP000005640","BCL2L13","Homo sapiens","A0A087WTL4","Bcl-2-like protein 13","A0A087WTL4_HUMAN","2.80%",TRUE,1,0,11.6366364170252,3184.02603471265
"100fmol","20231201_jcl_6mix_100pmol_200ngHeLa_optDIA_60min_Wat25cmBEH_4",8159,4,"jlb20230123_HomoSapiens_UniprotRefProteome_UP000005640","KCNIP1","Homo sapiens","A0A087WTU8;A0A0A0MS16;A0A1B0GTZ7;Q9NZI2","Kv channel-interacting protein 1","A0A087WTU8_HUMAN;A0A0A0MS16_HUMAN;A0A1B0GTZ7_HUMAN;KCIP1_HUMAN","0%;0%;0%;0%",TRUE,0,0.031887909,NA,NA
"100fmol","20231201_jcl_6mix_100pmol_200ngHeLa_optDIA_60min_Wat25cmBEH_4",8159,4,"jlb20230123_HomoSapiens_UniprotRefProteome_UP000005640","ALMS1","Homo sapiens","A0A087WTU9;A0A087WV20;A0A804HIB7;A0A804HJA5;A0A804HJW3;A0A804HKC0;A0A804HKP4;A0A804HL70;Q8TCU4","Centrosome-associated protein ALMS1;Centrosome-associated protein ALMS1;Centrosome-associated protein ALMS1 (Fragment);Centrosome-associated protein ALMS1 (Fragment);Centrosome-associated protein ALMS1 (Fragment);Centrosome-associated protein ALMS1 (Fragment);Centrosome-associated protein ALMS1 (Fragment);Centrosome-associated protein ALMS1 (Fragment);Centrosome-associated protein ALMS1","A0A087WTU9_HUMAN;A0A087WV20_HUMAN;A0A804HIB7_HUMAN;A0A804HJA5_HUMAN;A0A804HJW3_HUMAN;A0A804HKC0_HUMAN;A0A804HKP4_HUMAN;A0A804HL70_HUMAN;ALMS1_HUMAN","0%;0%;0%;0%;0%;0%;0%;0%;0%",TRUE,0,0.124715739,NA,NA
"100fmol","20231201_jcl_6mix_100pmol_200ngHeLa_optDIA_60min_Wat25cmBEH_4",8159,4,"jlb20230123_HomoSapiens_UniprotRefProteome_UP000005640","HNRNPDL","Homo sapiens","A0A087WU03","Heterogeneous nuclear ribonucleoprotein D-like","A0A087WU03_HUMAN","31.60%",TRUE,1,0,13.0421882387513,8435.09287865473
"100fmol","20231201_jcl_6mix_100pmol_200ngHeLa_optDIA_60min_Wat25cmBEH_4",8159,4,"jlb20230123_HomoSapiens_UniprotRefProteome_UP000005640","PTBP1","Homo sapiens","A0A087WU68","Polypyrimidine tract-binding protein 1 (Fragment)","A0A087WU68_HUMAN","22.90%",TRUE,1,0,8.46552448190631,353.489727883923
"100fmol","20231201_jcl_6mix_100pmol_200ngHeLa_optDIA_60min_Wat25cmBEH_4",8159,4,"jlb20230123_HomoSapiens_UniprotRefProteome_UP000005640","NBDY","Homo sapiens","A0A0U1RRE5","Negative regulator of P-body association","NBDY_HUMAN","51.50%",FALSE,2,0,9.73884691697784,854.446834537923
"100fmol","20231201_jcl_6mix_100pmol_200ngHeLa_optDIA_60min_Wat25cmBEH_4",8159,4,"jlb20230123_HomoSapiens_UniprotRefProteome_UP000005640","AHRR","Homo sapiens","A0A7I2PK40;A9YTQ3;D6RE68","Aryl hydrocarbon receptor repressor","A0A7I2PK40_HUMAN;AHRR_HUMAN;D6RE68_HUMAN","4.3%;4.3%;5.4%",FALSE,2,0,10.8352997638034,1827.04919341219
"100fmol","20231201_jcl_6mix_100pmol_200ngHeLa_optDIA_60min_Wat25cmBEH_4",8159,4,"jlb20230123_HomoSapiens_UniprotRefProteome_UP000005640","PIP5K1C","Homo sapiens","A0A7P0T808;O60331","Phosphatidylinositol 4-phosphate 5-kinase type-1 gamma","A0A7P0T808_HUMAN;PI51C_HUMAN","4.3%;4.5%",FALSE,2,0,11.852006489939,3696.65960900876
"100fmol","20231201_jcl_6mix_100pmol_200ngHeLa_optDIA_60min_Wat25cmBEH_4",8159,4,"jlb20230123_HomoSapiens_UniprotRefProteome_UP000005640","MYLK","Homo sapiens","A0A8I5KU53;Q15746","Myosin light chain kinase, smooth muscle;Myosin light chain kinase, smooth muscle","A0A8I5KU53_HUMAN;MYLK_HUMAN","1.9%;1.9%",FALSE,2,0.000374719,10.8855479653497,1891.80538265746
"100fmol","20231201_jcl_6mix_100pmol_200ngHeLa_optDIA_60min_Wat25cmBEH_4",8159,4,"jlb20230123_HomoSapiens_UniprotRefProteome_UP000005640","ZNF840P","Homo sapiens","A6NDX5","Putative zinc finger protein 840","ZN840_HUMAN","3.10%",FALSE,2,0,8.55483550066382,376.06428797787
"100fmol","20231201_jcl_6mix_100pmol_200ngHeLa_optDIA_60min_Wat25cmBEH_4",8159,4,"jlb20230123_HomoSapiens_UniprotRefProteome_UP000005640","CCDC85C","Homo sapiens","A6NKD9","Coiled-coil domain-containing protein 85C","CC85C_HUMAN","10.50%",FALSE,2,0,9.09592494231373,547.200198109039
"100fmol","20231201_jcl_6mix_100pmol_200ngHeLa_optDIA_60min_Wat25cmBEH_4",8159,4,"jlb20230123_HomoSapiens_UniprotRefProteome_UP000005640","TMCO5B","Homo sapiens","A8MYB1","Transmembrane and coiled-coil domain-containing protein 5B","TMC5B_HUMAN","4.60%",FALSE,2,0,8.88138593401623,471.588894405807
"100fmol","20231201_jcl_6mix_100pmol_200ngHeLa_optDIA_60min_Wat25cmBEH_4",8159,4,"jlb20230123_HomoSapiens_UniprotRefProteome_UP000005640","AZGP1","Homo sapiens","C9JEV0;P25311","Zinc-alpha-2-glycoprotein","C9JEV0_HUMAN;ZA2G_HUMAN","16.3%;12.4%",FALSE,2,0,6.40922976967006,84.9905050033379
"100fmol","20231201_jcl_6mix_100pmol_200ngHeLa_optDIA_60min_Wat25cmBEH_4",8159,4,"jlb20230123_HomoSapiens_UniprotRefProteome_UP000005640","USP4","Homo sapiens","C9JNU9","Ubiquitin carboxyl-terminal hydrolase 4","C9JNU9_HUMAN","9.90%",FALSE,2,0.000252048,8.4952485166734,360.848267191614
"100fmol","20231201_jcl_6mix_100pmol_200ngHeLa_optDIA_60min_Wat25cmBEH_4",8159,4,"20230525_jclcleaned_MQcontaminants","ALB","","CON__P02769","Bovine serum albumin","ALBU_BOVIN","70.50%",FALSE,49,0,16.6003176224682,99355.8725964185
"100fmol","20231201_jcl_6mix_100pmol_200ngHeLa_optDIA_60min_Wat25cmBEH_4",8159,4,"20230525_jclcleaned_MQcontaminants","CYCS","","CON__P62894","Cytochrome c","CYC_BOVIN","59%",FALSE,9,0,13.4354296009449,11078.1518683851
"100fmol","20231201_jcl_6mix_100pmol_200ngHeLa_optDIA_60min_Wat25cmBEH_4",8159,4,"20230525_jclcleaned_MQcontaminants","TF","","CON__Q0IIK2","Serotransferrin (UP merge to Q29443)","TRFE_BOVIN","77.10%",FALSE,57,0,13.8411867882242,14676.158683435
"100fmol","20231201_jcl_6mix_100pmol_200ngHeLa_optDIA_60min_Wat25cmBEH_4",8159,4,"20230525_jclcleaned_MQcontaminants","KRT16","","CON__Q3ZAW8;CON__Q9Z2K1","Keratin intermediate filament 16a;Keratin, type I cytoskeletal 16","KRT16_MOUSE","3.4%;3.4%",FALSE,1,0,11.0195921009915,2076.00197518447
"100fmol","20231201_jcl_6mix_100pmol_200ngHeLa_optDIA_60min_Wat25cmBEH_4",8159,4,"jlb20230123_HomoSapiens_UniprotRefProteome_UP000005640","BRDT","Homo sapiens","F8W0H2","Bromodomain testis-specific protein (Fragment)","F8W0H2_HUMAN","41.30%",FALSE,2,0,9.66286924554019,810.612855789443
"100fmol","20231201_jcl_6mix_100pmol_200ngHeLa_optDIA_60min_Wat25cmBEH_4",8159,4,"jlb20230123_HomoSapiens_UniprotRefProteome_UP000005640","BMAL2","Homo sapiens","H0Y5R1;Q8WYA1","Basic helix-loop-helix ARNT-like 2 (Fragment);Basic helix-loop-helix ARNT-like protein 2","H0Y5R1_HUMAN;BMAL2_HUMAN","7.7%;7.1%",FALSE,2,0,9.64590206966335,801.13528147999
"100fmol","20231201_jcl_6mix_100pmol_200ngHeLa_optDIA_60min_Wat25cmBEH_4",8159,4,"jlb20230123_HomoSapiens_UniprotRefProteome_UP000005640","DEF6","Homo sapiens","H0Y7V7;Q9H4E7","Differentially-expressed in FDCP 6 homolog;Differentially expressed in FDCP 6 homolog","H0Y7V7_HUMAN;DEFI6_HUMAN","3.4%;3.2%",FALSE,2,0.001485516,10.4539663542362,1402.67625863612
"100fmol","20231201_jcl_6mix_100pmol_200ngHeLa_optDIA_60min_Wat25cmBEH_4",8159,4,"jlb20230123_HomoSapiens_UniprotRefProteome_UP000005640","MYOF","Homo sapiens","H0YD14","Myoferlin (Fragment)","H0YD14_HUMAN","2%",FALSE,2,0,10.1791304612047,1159.37411184966
"100fmol","20231201_jcl_6mix_100pmol_200ngHeLa_optDIA_60min_Wat25cmBEH_4",8159,4,"jlb20230123_HomoSapiens_UniprotRefProteome_UP000005640","ATXN2L","Homo sapiens","H3BUF6","Ataxin-2-like protein","H3BUF6_HUMAN","2.70%",FALSE,1,0,8.00745029316193,257.325441767313
"100fmol","20231201_jcl_6mix_100pmol_200ngHeLa_optDIA_60min_Wat25cmBEH_4",8159,4,"jlb20230123_HomoSapiens_UniprotRefProteome_UP000005640",";TATDN2","Homo sapiens","H7C1W4;Q93075","Deoxyribonuclease TATDN2 (Fragment);Putative deoxyribonuclease TATDN2","H7C1W4_HUMAN;TATD2_HUMAN","5.9%;5.1%",FALSE,2,0.000374719,7.75355834358012,215.801090296769
"100fmol","20231201_jcl_6mix_100pmol_200ngHeLa_optDIA_60min_Wat25cmBEH_4",8159,4,"jlb20230123_HomoSapiens_UniprotRefProteome_UP000005640","FARP2","Homo sapiens","H7C3M7","FERM, ARHGEF and pleckstrin domain-containing protein 2 (Fragment)","H7C3M7_HUMAN","6.20%",FALSE,2,0.00356967,9.64526757614405,800.783021738103
"100fmol","20231201_jcl_6mix_100pmol_200ngHeLa_optDIA_60min_Wat25cmBEH_4",8159,4,"jlb20230123_HomoSapiens_UniprotRefProteome_UP000005640","TECPR2","Homo sapiens","O15040","Tectonin beta-propeller repeat-containing protein 2","TCPR2_HUMAN","1.60%",FALSE,2,0,14.802626091842,28578.17348083
"100fmol","20231201_jcl_6mix_100pmol_200ngHeLa_optDIA_60min_Wat25cmBEH_4",8159,4,"jlb20230123_HomoSapiens_UniprotRefProteome_UP000005640","TLR3","Homo sapiens","O15455","Toll-like receptor 3","TLR3_HUMAN","2.70%",FALSE,2,0,8.10102161634539,274.568367817231
"100fmol","20231201_jcl_6mix_100pmol_200ngHeLa_optDIA_60min_Wat25cmBEH_4",8159,4,"jlb20230123_HomoSapiens_UniprotRefProteome_UP000005640","LRIG2","Homo sapiens","O94898","Leucine-rich repeats and immunoglobulin-like domains protein 2","LRIG2_HUMAN","2.40%",FALSE,2,0.003812569,8.66974378113955,407.242348085416
"100fmol","20231201_jcl_6mix_100pmol_200ngHeLa_optDIA_60min_Wat25cmBEH_4",8159,4,"jlb20230123_HomoSapiens_UniprotRefProteome_UP000005640","RAB3D","Homo sapiens","O95716","Ras-related protein Rab-3D","RAB3D_HUMAN","40.60%",FALSE,7,0,10.2962660696453,1257.43322160161
"100fmol","20231201_jcl_6mix_100pmol_200ngHeLa_optDIA_60min_Wat25cmBEH_4",8159,4,"jlb20230503_Pierce88342_6Mix_Uniprotsequences","ADH1","Saccharomyces cerevisiae (strain ATCC 204508 / S288c)","P00330","Alcohol dehydrogenase 1","ADH1_YEAST","43.60%",FALSE,17,0,14.6157791583814,25106.6019220769
"100fmol","20231201_jcl_6mix_100pmol_200ngHeLa_optDIA_60min_Wat25cmBEH_4",8159,4,"jlb20230503_Pierce88342_6Mix_Uniprotsequences","LYZ","Gallus gallus","P00698","Lysozyme C","LYSC_CHICK","33.30%",FALSE,6,0,13.6987112903659,13296.0610437591
"100fmol","20231201_jcl_6mix_100pmol_200ngHeLa_optDIA_60min_Wat25cmBEH_4",8159,4,"jlb20230503_Pierce88342_6Mix_Uniprotsequences","lacZ","Escherichia coli (strain K12)","P00722","Beta-galactosidase","BGAL_ECOLI","46.70%",FALSE,40,0,14.3317154141977,20619.4097479096
"100fmol","20231201_jcl_6mix_100pmol_200ngHeLa_optDIA_60min_Wat25cmBEH_4",8159,4,"jlb20230123_HomoSapiens_UniprotRefProteome_UP000005640","CSTA","Homo sapiens","P01040","Cystatin-A","CYTA_HUMAN","42.90%",FALSE,3,0,8.69078785180615,413.226180800652
"100fmol","20231201_jcl_6mix_100pmol_200ngHeLa_optDIA_60min_Wat25cmBEH_4",8159,4,"jlb20230123_HomoSapiens_UniprotRefProteome_UP000005640","PRKCB","Homo sapiens","P05771","Protein kinase C beta type","KPCB_HUMAN","3.90%",FALSE,2,0,10.4213961628928,1371.36430697784
"100fmol","20231201_jcl_6mix_100pmol_200ngHeLa_optDIA_60min_Wat25cmBEH_4",8159,4,"jlb20230123_HomoSapiens_UniprotRefProteome_UP000005640","LPL","Homo sapiens","P06858","Lipoprotein lipase","LIPL_HUMAN","7.60%",FALSE,2,0,8.44974646213315,349.644854072415
"100fmol","20231201_jcl_6mix_100pmol_200ngHeLa_optDIA_60min_Wat25cmBEH_4",8159,4,"jlb20230123_HomoSapiens_UniprotRefProteome_UP000005640","PIP","Homo sapiens","P12273","Prolactin-inducible protein","PIP_HUMAN","10.30%",FALSE,1,0,7.3355763467619,161.52082190237
"100fmol","20231201_jcl_6mix_100pmol_200ngHeLa_optDIA_60min_Wat25cmBEH_4",8159,4,"jlb20230123_HomoSapiens_UniprotRefProteome_UP000005640","C6","Homo sapiens","P13671","Complement component C6","CO6_HUMAN","4.50%",FALSE,2,0,7.14248853493118,141.287354283555
"100fmol","20231201_jcl_6mix_100pmol_200ngHeLa_optDIA_60min_Wat25cmBEH_4",8159,4,"jlb20230123_HomoSapiens_UniprotRefProteome_UP000005640","GLB1","Homo sapiens","P16278","Beta-galactosidase","BGAL_HUMAN","28.10%",FALSE,16,0,11.9434350232149,3938.51218337058
"100fmol","20231201_jcl_6mix_100pmol_200ngHeLa_optDIA_60min_Wat25cmBEH_4",8159,4,"jlb20230123_HomoSapiens_UniprotRefProteome_UP000005640","TARS1","Homo sapiens","P26639","Threonine--tRNA ligase 1, cytoplasmic","SYTC_HUMAN","62.80%",FALSE,42,0,14.5867906548994,24607.1619533042
"100fmol","20231201_jcl_6mix_100pmol_200ngHeLa_optDIA_60min_Wat25cmBEH_4",8159,4,"jlb20230123_HomoSapiens_UniprotRefProteome_UP000005640","CASP14","Homo sapiens","P31944","Caspase-14","CASPE_HUMAN","36.40%",FALSE,6,0,6.32052991634699,79.9225060763778
"100fmol","20231201_jcl_6mix_100pmol_200ngHeLa_optDIA_60min_Wat25cmBEH_4",8159,4,"jlb20230123_HomoSapiens_UniprotRefProteome_UP000005640","DCAF6","Homo sapiens","Q58WW2","DDB1- and CUL4-associated factor 6","DCAF6_HUMAN","4.10%",FALSE,2,0,8.00826631583189,257.471032335719
"100fmol","20231201_jcl_6mix_100pmol_200ngHeLa_optDIA_60min_Wat25cmBEH_4",8159,4,"jlb20230123_HomoSapiens_UniprotRefProteome_UP000005640","DALRD3","Homo sapiens","Q5D0E6","DALR anticodon-binding domain-containing protein 3","DALD3_HUMAN","7%",FALSE,2,0,8.87242742830464,468.66960659826
"100fmol","20231201_jcl_6mix_100pmol_200ngHeLa_optDIA_60min_Wat25cmBEH_4",8159,4,"jlb20230123_HomoSapiens_UniprotRefProteome_UP000005640","HGSNAT","Homo sapiens","Q68CP4","Heparan-alpha-glucosaminide N-acetyltransferase","HGNAT_HUMAN","3.80%",FALSE,2,0,10.6454358510942,1601.75285992487
"100fmol","20231201_jcl_6mix_100pmol_200ngHeLa_optDIA_60min_Wat25cmBEH_4",8159,4,"jlb20230123_HomoSapiens_UniprotRefProteome_UP000005640","RFFL","Homo sapiens","Q8WZ73","E3 ubiquitin-protein ligase rififylin","RFFL_HUMAN","10.20%",FALSE,2,0,6.46486157958642,88.3318351493287
"100fmol","20231201_jcl_6mix_100pmol_200ngHeLa_optDIA_60min_Wat25cmBEH_4",8159,4,"jlb20230123_HomoSapiens_UniprotRefProteome_UP000005640","RNF185","Homo sapiens","Q96GF1","E3 ubiquitin-protein ligase RNF185","RN185_HUMAN","7.30%",FALSE,2,0,9.76690805164428,871.228930563986
"100fmol","20231201_jcl_6mix_100pmol_200ngHeLa_optDIA_60min_Wat25cmBEH_4",8159,4,"jlb20230123_HomoSapiens_UniprotRefProteome_UP000005640","ZNF462","Homo sapiens","Q96JM2","Zinc finger protein 462","ZN462_HUMAN","2%",FALSE,3,0.000374719,8.53763033663877,371.60609041209
"100fmol","20231201_jcl_6mix_100pmol_200ngHeLa_optDIA_60min_Wat25cmBEH_4",8159,4,"jlb20230123_HomoSapiens_UniprotRefProteome_UP000005640","ALKBH7","Homo sapiens","Q9BT30","Alpha-ketoglutarate-dependent dioxygenase alkB homolog 7, mitochondrial","ALKB7_HUMAN","14%",FALSE,2,0,7.16087417433053,143.099435860748
"100fmol","20231201_jcl_6mix_100pmol_200ngHeLa_optDIA_60min_Wat25cmBEH_4",8159,4,"jlb20230123_HomoSapiens_UniprotRefProteome_UP000005640","POLK","Homo sapiens","Q9UBT6","DNA polymerase kappa","POLK_HUMAN","4.10%",FALSE,2,0,7.34175042103801,162.2135382694
"100fmol","20231201_jcl_6mix_100pmol_200ngHeLa_optDIA_60min_Wat25cmBEH_4",8159,4,"jlb20230123_HomoSapiens_UniprotRefProteome_UP000005640","ACAD8","Homo sapiens","Q9UKU7","Isobutyryl-CoA dehydrogenase, mitochondrial","ACAD8_HUMAN","5.50%",FALSE,2,0,7.85946437568773,232.23866532123
"200fmol","20231201_jcl_6mix_200pmol_200ngHeLa_optDIA_60min_Wat25cmBEH_1",8166,1,"jlb20230123_HomoSapiens_UniprotRefProteome_UP000005640","ELOF1","Homo sapiens","A0A024R7E8;K7EMV4;K7EN05;K7EPC8;K7EQ44;P60002","Transcription elongation factor 1 homolog","A0A024R7E8_HUMAN;K7EMV4_HUMAN;K7EN05_HUMAN;K7EPC8_HUMAN;K7EQ44_HUMAN;ELOF1_HUMAN","17.3%;15%;23.7%;20%;15.8%;21.7%",TRUE,1,0,11.4064482929236,2714.45771139797
"200fmol","20231201_jcl_6mix_200pmol_200ngHeLa_optDIA_60min_Wat25cmBEH_1",8166,1,"jlb20230123_HomoSapiens_UniprotRefProteome_UP000005640","NUDT4B;NUDT4","Homo sapiens","A0A024RBG1;Q9NZJ9","Diphosphoinositol polyphosphate phosphohydrolase NUDT4B;Diphosphoinositol polyphosphate phosphohydrolase 2","NUD4B_HUMAN;NUDT4_HUMAN","29.8%;30%",FALSE,4,0,10.5715968222729,1521.83562215205
"200fmol","20231201_jcl_6mix_200pmol_200ngHeLa_optDIA_60min_Wat25cmBEH_1",8166,1,"jlb20230123_HomoSapiens_UniprotRefProteome_UP000005640","NOSIP","Homo sapiens","A0A075B6F9","Nitric oxide synthase-interacting protein","A0A075B6F9_HUMAN","7.90%",TRUE,1,0,6.67222126506092,101.985572576254
"200fmol","20231201_jcl_6mix_200pmol_200ngHeLa_optDIA_60min_Wat25cmBEH_1",8166,1,"jlb20230123_HomoSapiens_UniprotRefProteome_UP000005640","PPIAL4E;PPIAL4F;PPIAL4D;PPIAL4F","Homo sapiens","A0A075B759;A0A0H2UH34;F5H284;P0DN26","Peptidyl-prolyl cis-trans isomerase A-like 4E;Peptidyl-prolyl cis-trans isomerase;Peptidyl-prolyl cis-trans isomerase A-like 4D;Peptidyl-prolyl cis-trans isomerase A-like 4F","PAL4E_HUMAN;A0A0H2UH34_HUMAN;PAL4D_HUMAN;PAL4F_HUMAN","0%;0%;0%;0%",TRUE,0,0.738363141,NA,NA
"200fmol","20231201_jcl_6mix_200pmol_200ngHeLa_optDIA_60min_Wat25cmBEH_1",8166,1,"jlb20230123_HomoSapiens_UniprotRefProteome_UP000005640","IKBKE","Homo sapiens","A0A075B7B4;Q14164","Inhibitor of nuclear factor kappa-B kinase subunit epsilon","A0A075B7B4_HUMAN;IKKE_HUMAN","0%;0%",TRUE,0,0.321037601,NA,NA
"200fmol","20231201_jcl_6mix_200pmol_200ngHeLa_optDIA_60min_Wat25cmBEH_1",8166,1,"jlb20230123_HomoSapiens_UniprotRefProteome_UP000005640","PSG7;PSG7;PSG6;PSG5;PSG5;PSG6;PSG5;PSG6;PSG7;PSG5","Homo sapiens","A0A087WT09;A0A096LNM5;B5MCE1;E7EQY3;E9PC55;M0QZA7;M0R1G9;Q00889;Q13046;Q15238","Putative pregnancy-specific beta-1-glycoprotein 7;Putative pregnancy-specific beta-1-glycoprotein 7;Pregnancy-specific beta-1-glycoprotein 6;Pregnancy-specific beta-1-glycoprotein 5;Pregnancy-specific beta-1-glycoprotein 5;Pregnancy-specific beta-1-glycoprotein 6 (Fragment);Pregnancy-specific beta-1-glycoprotein 5;Pregnancy-specific beta-1-glycoprotein 6;Pregnancy-specific beta-1-glycoprotein 7;Pregnancy-specific beta-1-glycoprotein 5","A0A087WT09_HUMAN;A0A096LNM5_HUMAN;B5MCE1_HUMAN;E7EQY3_HUMAN;E9PC55_HUMAN;M0QZA7_HUMAN;M0R1G9_HUMAN;PSG6_HUMAN;PSG7_HUMAN;PSG5_HUMAN","0%;0%;0%;0%;0%;0%;0%;0%;0%;0%",TRUE,0,0.652998341,NA,NA
"200fmol","20231201_jcl_6mix_200pmol_200ngHeLa_optDIA_60min_Wat25cmBEH_1",8166,1,"jlb20230123_HomoSapiens_UniprotRefProteome_UP000005640","HTD2","Homo sapiens","A0A087WTC8;P86397","Hydroxyacyl-thioester dehydratase type 2, mitochondrial (Fragment);Hydroxyacyl-thioester dehydratase type 2, mitochondrial","A0A087WTC8_HUMAN;HTD2_HUMAN","36.8%;16.7%",TRUE,1,0,10.0556967740244,1064.30562210907
"200fmol","20231201_jcl_6mix_200pmol_200ngHeLa_optDIA_60min_Wat25cmBEH_1",8166,1,"jlb20230123_HomoSapiens_UniprotRefProteome_UP000005640","BCL2L13","Homo sapiens","A0A087WTL4","Bcl-2-like protein 13","A0A087WTL4_HUMAN","2.80%",TRUE,1,0,11.7218233213892,3377.69494279494
"200fmol","20231201_jcl_6mix_200pmol_200ngHeLa_optDIA_60min_Wat25cmBEH_1",8166,1,"jlb20230123_HomoSapiens_UniprotRefProteome_UP000005640","KCNIP1","Homo sapiens","A0A087WTU8;A0A0A0MS16;A0A1B0GTZ7;Q9NZI2","Kv channel-interacting protein 1","A0A087WTU8_HUMAN;A0A0A0MS16_HUMAN;A0A1B0GTZ7_HUMAN;KCIP1_HUMAN","0%;0%;0%;0%",TRUE,0,0.031887909,NA,NA
"200fmol","20231201_jcl_6mix_200pmol_200ngHeLa_optDIA_60min_Wat25cmBEH_1",8166,1,"jlb20230123_HomoSapiens_UniprotRefProteome_UP000005640","ALMS1","Homo sapiens","A0A087WTU9;A0A087WV20;A0A804HIB7;A0A804HJA5;A0A804HJW3;A0A804HKC0;A0A804HKP4;A0A804HL70;Q8TCU4","Centrosome-associated protein ALMS1;Centrosome-associated protein ALMS1;Centrosome-associated protein ALMS1 (Fragment);Centrosome-associated protein ALMS1 (Fragment);Centrosome-associated protein ALMS1 (Fragment);Centrosome-associated protein ALMS1 (Fragment);Centrosome-associated protein ALMS1 (Fragment);Centrosome-associated protein ALMS1 (Fragment);Centrosome-associated protein ALMS1","A0A087WTU9_HUMAN;A0A087WV20_HUMAN;A0A804HIB7_HUMAN;A0A804HJA5_HUMAN;A0A804HJW3_HUMAN;A0A804HKC0_HUMAN;A0A804HKP4_HUMAN;A0A804HL70_HUMAN;ALMS1_HUMAN","0%;0%;0%;0%;0%;0%;0%;0%;0%",TRUE,0,0.124715739,NA,NA
"200fmol","20231201_jcl_6mix_200pmol_200ngHeLa_optDIA_60min_Wat25cmBEH_1",8166,1,"jlb20230123_HomoSapiens_UniprotRefProteome_UP000005640","HNRNPDL","Homo sapiens","A0A087WU03","Heterogeneous nuclear ribonucleoprotein D-like","A0A087WU03_HUMAN","31.60%",TRUE,1,0,12.9744148838753,8048.00164045353
"200fmol","20231201_jcl_6mix_200pmol_200ngHeLa_optDIA_60min_Wat25cmBEH_1",8166,1,"jlb20230123_HomoSapiens_UniprotRefProteome_UP000005640","PTBP1","Homo sapiens","A0A087WU68","Polypyrimidine tract-binding protein 1 (Fragment)","A0A087WU68_HUMAN","22.90%",TRUE,1,0,9.23709078296862,603.450148284006
"200fmol","20231201_jcl_6mix_200pmol_200ngHeLa_optDIA_60min_Wat25cmBEH_1",8166,1,"jlb20230123_HomoSapiens_UniprotRefProteome_UP000005640","NBDY","Homo sapiens","A0A0U1RRE5","Negative regulator of P-body association","NBDY_HUMAN","39.70%",FALSE,1,0,9.89433282945642,951.680057507822
"200fmol","20231201_jcl_6mix_200pmol_200ngHeLa_optDIA_60min_Wat25cmBEH_1",8166,1,"jlb20230123_HomoSapiens_UniprotRefProteome_UP000005640","AHRR","Homo sapiens","A0A7I2PK40;A9YTQ3;D6RE68","Aryl hydrocarbon receptor repressor","A0A7I2PK40_HUMAN;AHRR_HUMAN;D6RE68_HUMAN","4.3%;4.3%;5.4%",FALSE,2,0,11.2514127944933,2437.88235904484
"200fmol","20231201_jcl_6mix_200pmol_200ngHeLa_optDIA_60min_Wat25cmBEH_1",8166,1,"jlb20230123_HomoSapiens_UniprotRefProteome_UP000005640","PIP5K1C","Homo sapiens","A0A7P0T808;O60331","Phosphatidylinositol 4-phosphate 5-kinase type-1 gamma","A0A7P0T808_HUMAN;PI51C_HUMAN","4.3%;4.5%",FALSE,2,0,12.093928450234,4371.5477744281
"200fmol","20231201_jcl_6mix_200pmol_200ngHeLa_optDIA_60min_Wat25cmBEH_1",8166,1,"jlb20230123_HomoSapiens_UniprotRefProteome_UP000005640","MYLK","Homo sapiens","A0A8I5KU53;Q15746","Myosin light chain kinase, smooth muscle;Myosin light chain kinase, smooth muscle","A0A8I5KU53_HUMAN;MYLK_HUMAN","1.9%;1.9%",FALSE,2,0.000374719,10.8565348552265,1854.14050037786
"200fmol","20231201_jcl_6mix_200pmol_200ngHeLa_optDIA_60min_Wat25cmBEH_1",8166,1,"jlb20230123_HomoSapiens_UniprotRefProteome_UP000005640","ZNF840P","Homo sapiens","A6NDX5","Putative zinc finger protein 840","ZN840_HUMAN","3.10%",FALSE,2,0,8.28829046660752,312.625243657861
"200fmol","20231201_jcl_6mix_200pmol_200ngHeLa_optDIA_60min_Wat25cmBEH_1",8166,1,"jlb20230123_HomoSapiens_UniprotRefProteome_UP000005640","CCDC85C","Homo sapiens","A6NKD9","Coiled-coil domain-containing protein 85C","CC85C_HUMAN","10.50%",FALSE,2,0,7.21616351225375,148.689968963807
"200fmol","20231201_jcl_6mix_200pmol_200ngHeLa_optDIA_60min_Wat25cmBEH_1",8166,1,"jlb20230123_HomoSapiens_UniprotRefProteome_UP000005640","TMCO5B","Homo sapiens","A8MYB1","Transmembrane and coiled-coil domain-containing protein 5B","TMC5B_HUMAN","4.60%",FALSE,2,0,8.7257755613096,423.370096237795
"200fmol","20231201_jcl_6mix_200pmol_200ngHeLa_optDIA_60min_Wat25cmBEH_1",8166,1,"jlb20230123_HomoSapiens_UniprotRefProteome_UP000005640","AZGP1","Homo sapiens","C9JEV0;P25311","Zinc-alpha-2-glycoprotein","C9JEV0_HUMAN;ZA2G_HUMAN","16.3%;12.4%",FALSE,2,0,7.03366249894404,131.021748715898
"200fmol","20231201_jcl_6mix_200pmol_200ngHeLa_optDIA_60min_Wat25cmBEH_1",8166,1,"jlb20230123_HomoSapiens_UniprotRefProteome_UP000005640","USP4","Homo sapiens","C9JNU9","Ubiquitin carboxyl-terminal hydrolase 4","C9JNU9_HUMAN","6.10%",FALSE,1,0.000252048,8.76499474635081,435.037135345702
"200fmol","20231201_jcl_6mix_200pmol_200ngHeLa_optDIA_60min_Wat25cmBEH_1",8166,1,"20230525_jclcleaned_MQcontaminants","ALB","","CON__P02769","Bovine serum albumin","ALBU_BOVIN","70.50%",FALSE,50,0,17.0116643398943,132136.026378175
"200fmol","20231201_jcl_6mix_200pmol_200ngHeLa_optDIA_60min_Wat25cmBEH_1",8166,1,"20230525_jclcleaned_MQcontaminants","CYCS","","CON__P62894","Cytochrome c","CYC_BOVIN","59%",FALSE,9,0,14.2384572290592,19328.7032255662
"200fmol","20231201_jcl_6mix_200pmol_200ngHeLa_optDIA_60min_Wat25cmBEH_1",8166,1,"20230525_jclcleaned_MQcontaminants","TF","","CON__Q0IIK2","Serotransferrin (UP merge to Q29443)","TRFE_BOVIN","77.10%",FALSE,57,0,14.2010881595815,18834.4744839155
"200fmol","20231201_jcl_6mix_200pmol_200ngHeLa_optDIA_60min_Wat25cmBEH_1",8166,1,"20230525_jclcleaned_MQcontaminants","KRT16","","CON__Q3ZAW8;CON__Q9Z2K1","Keratin intermediate filament 16a;Keratin, type I cytoskeletal 16","KRT16_MOUSE","8.2%;8.3%",FALSE,2,0,11.0153539090401,2069.91227248867
"200fmol","20231201_jcl_6mix_200pmol_200ngHeLa_optDIA_60min_Wat25cmBEH_1",8166,1,"jlb20230123_HomoSapiens_UniprotRefProteome_UP000005640","BRDT","Homo sapiens","F8W0H2","Bromodomain testis-specific protein (Fragment)","F8W0H2_HUMAN","41.30%",FALSE,2,0,9.01190264986904,516.241620794729
"200fmol","20231201_jcl_6mix_200pmol_200ngHeLa_optDIA_60min_Wat25cmBEH_1",8166,1,"jlb20230123_HomoSapiens_UniprotRefProteome_UP000005640","BMAL2","Homo sapiens","H0Y5R1;Q8WYA1","Basic helix-loop-helix ARNT-like 2 (Fragment);Basic helix-loop-helix ARNT-like protein 2","H0Y5R1_HUMAN;BMAL2_HUMAN","7.7%;7.1%",FALSE,2,0,9.6564008663746,806.986576969312
"200fmol","20231201_jcl_6mix_200pmol_200ngHeLa_optDIA_60min_Wat25cmBEH_1",8166,1,"jlb20230123_HomoSapiens_UniprotRefProteome_UP000005640","DEF6","Homo sapiens","H0Y7V7;Q9H4E7","Differentially-expressed in FDCP 6 homolog;Differentially expressed in FDCP 6 homolog","H0Y7V7_HUMAN;DEFI6_HUMAN","3.4%;3.2%",FALSE,2,0.001485516,10.20254309447,1178.34239570677
"200fmol","20231201_jcl_6mix_200pmol_200ngHeLa_optDIA_60min_Wat25cmBEH_1",8166,1,"jlb20230123_HomoSapiens_UniprotRefProteome_UP000005640","MYOF","Homo sapiens","H0YD14","Myoferlin (Fragment)","H0YD14_HUMAN","2%",FALSE,2,0,10.0277506977922,1043.8876247625
"200fmol","20231201_jcl_6mix_200pmol_200ngHeLa_optDIA_60min_Wat25cmBEH_1",8166,1,"jlb20230123_HomoSapiens_UniprotRefProteome_UP000005640","ATXN2L","Homo sapiens","H3BUF6","Ataxin-2-like protein","H3BUF6_HUMAN","4.30%",FALSE,2,0,8.09066606370926,272.604593798406
"200fmol","20231201_jcl_6mix_200pmol_200ngHeLa_optDIA_60min_Wat25cmBEH_1",8166,1,"jlb20230123_HomoSapiens_UniprotRefProteome_UP000005640",";TATDN2","Homo sapiens","H7C1W4;Q93075","Deoxyribonuclease TATDN2 (Fragment);Putative deoxyribonuclease TATDN2","H7C1W4_HUMAN;TATD2_HUMAN","5.9%;5.1%",FALSE,2,0.000374719,8.20845740805187,295.795728341884
"200fmol","20231201_jcl_6mix_200pmol_200ngHeLa_optDIA_60min_Wat25cmBEH_1",8166,1,"jlb20230123_HomoSapiens_UniprotRefProteome_UP000005640","FARP2","Homo sapiens","H7C3M7","FERM, ARHGEF and pleckstrin domain-containing protein 2 (Fragment)","H7C3M7_HUMAN","6.20%",FALSE,2,0.00356967,10.4933588769992,1441.50375239834
"200fmol","20231201_jcl_6mix_200pmol_200ngHeLa_optDIA_60min_Wat25cmBEH_1",8166,1,"jlb20230123_HomoSapiens_UniprotRefProteome_UP000005640","TECPR2","Homo sapiens","O15040","Tectonin beta-propeller repeat-containing protein 2","TCPR2_HUMAN","1.60%",FALSE,2,0,14.5218012053977,23523.2732747335
"200fmol","20231201_jcl_6mix_200pmol_200ngHeLa_optDIA_60min_Wat25cmBEH_1",8166,1,"jlb20230123_HomoSapiens_UniprotRefProteome_UP000005640","TLR3","Homo sapiens","O15455","Toll-like receptor 3","TLR3_HUMAN","2.70%",FALSE,2,0,7.89731976500292,238.413110906484
"200fmol","20231201_jcl_6mix_200pmol_200ngHeLa_optDIA_60min_Wat25cmBEH_1",8166,1,"jlb20230123_HomoSapiens_UniprotRefProteome_UP000005640","LRIG2","Homo sapiens","O94898","Leucine-rich repeats and immunoglobulin-like domains protein 2","LRIG2_HUMAN","2.40%",FALSE,2,0.003812569,8.27724231326145,310.240304269368
"200fmol","20231201_jcl_6mix_200pmol_200ngHeLa_optDIA_60min_Wat25cmBEH_1",8166,1,"jlb20230123_HomoSapiens_UniprotRefProteome_UP000005640","RAB3D","Homo sapiens","O95716","Ras-related protein Rab-3D","RAB3D_HUMAN","40.60%",FALSE,7,0,9.97972559843264,1009.71022357244
"200fmol","20231201_jcl_6mix_200pmol_200ngHeLa_optDIA_60min_Wat25cmBEH_1",8166,1,"jlb20230503_Pierce88342_6Mix_Uniprotsequences","ADH1","Saccharomyces cerevisiae (strain ATCC 204508 / S288c)","P00330","Alcohol dehydrogenase 1","ADH1_YEAST","43.60%",FALSE,17,0,15.4962558471979,46220.8396351747
"200fmol","20231201_jcl_6mix_200pmol_200ngHeLa_optDIA_60min_Wat25cmBEH_1",8166,1,"jlb20230503_Pierce88342_6Mix_Uniprotsequences","LYZ","Gallus gallus","P00698","Lysozyme C","LYSC_CHICK","33.30%",FALSE,6,0,14.5006163629158,23180.3762478963
"200fmol","20231201_jcl_6mix_200pmol_200ngHeLa_optDIA_60min_Wat25cmBEH_1",8166,1,"jlb20230503_Pierce88342_6Mix_Uniprotsequences","lacZ","Escherichia coli (strain K12)","P00722","Beta-galactosidase","BGAL_ECOLI","46.70%",FALSE,40,0,15.338373253723,41429.5707925063
"200fmol","20231201_jcl_6mix_200pmol_200ngHeLa_optDIA_60min_Wat25cmBEH_1",8166,1,"jlb20230123_HomoSapiens_UniprotRefProteome_UP000005640","CSTA","Homo sapiens","P01040","Cystatin-A","CYTA_HUMAN","42.90%",FALSE,3,0,8.69826689811184,415.373940591302
"200fmol","20231201_jcl_6mix_200pmol_200ngHeLa_optDIA_60min_Wat25cmBEH_1",8166,1,"jlb20230123_HomoSapiens_UniprotRefProteome_UP000005640","PRKCB","Homo sapiens","P05771","Protein kinase C beta type","KPCB_HUMAN","3.90%",FALSE,2,0,10.5633446181511,1513.15558308045
"200fmol","20231201_jcl_6mix_200pmol_200ngHeLa_optDIA_60min_Wat25cmBEH_1",8166,1,"jlb20230123_HomoSapiens_UniprotRefProteome_UP000005640","LPL","Homo sapiens","P06858","Lipoprotein lipase","LIPL_HUMAN","7.60%",FALSE,2,0,8.81391336215752,450.041228150145
"200fmol","20231201_jcl_6mix_200pmol_200ngHeLa_optDIA_60min_Wat25cmBEH_1",8166,1,"jlb20230123_HomoSapiens_UniprotRefProteome_UP000005640","PIP","Homo sapiens","P12273","Prolactin-inducible protein","PIP_HUMAN","21.20%",FALSE,2,0,6.0121314904563,64.5404392053354
"200fmol","20231201_jcl_6mix_200pmol_200ngHeLa_optDIA_60min_Wat25cmBEH_1",8166,1,"jlb20230123_HomoSapiens_UniprotRefProteome_UP000005640","C6","Homo sapiens","P13671","Complement component C6","CO6_HUMAN","4.50%",FALSE,2,0,6.98584618830749,126.75037350485
"200fmol","20231201_jcl_6mix_200pmol_200ngHeLa_optDIA_60min_Wat25cmBEH_1",8166,1,"jlb20230123_HomoSapiens_UniprotRefProteome_UP000005640","GLB1","Homo sapiens","P16278","Beta-galactosidase","BGAL_HUMAN","28.10%",FALSE,16,0,11.7389292649342,3417.98242847032
"200fmol","20231201_jcl_6mix_200pmol_200ngHeLa_optDIA_60min_Wat25cmBEH_1",8166,1,"jlb20230123_HomoSapiens_UniprotRefProteome_UP000005640","TARS1","Homo sapiens","P26639","Threonine--tRNA ligase 1, cytoplasmic","SYTC_HUMAN","62.80%",FALSE,42,0,14.6935299739654,26496.7900361792
"200fmol","20231201_jcl_6mix_200pmol_200ngHeLa_optDIA_60min_Wat25cmBEH_1",8166,1,"jlb20230123_HomoSapiens_UniprotRefProteome_UP000005640","CASP14","Homo sapiens","P31944","Caspase-14","CASPE_HUMAN","32.20%",FALSE,5,0,6.4657010740907,88.3832498053206
"200fmol","20231201_jcl_6mix_200pmol_200ngHeLa_optDIA_60min_Wat25cmBEH_1",8166,1,"jlb20230123_HomoSapiens_UniprotRefProteome_UP000005640","DCAF6","Homo sapiens","Q58WW2","DDB1- and CUL4-associated factor 6","DCAF6_HUMAN","4.10%",FALSE,2,0,7.67403366139285,204.227546433812
"200fmol","20231201_jcl_6mix_200pmol_200ngHeLa_optDIA_60min_Wat25cmBEH_1",8166,1,"jlb20230123_HomoSapiens_UniprotRefProteome_UP000005640","DALRD3","Homo sapiens","Q5D0E6","DALR anticodon-binding domain-containing protein 3","DALD3_HUMAN","7%",FALSE,2,0,9.97507292784107,1006.45916786107
"200fmol","20231201_jcl_6mix_200pmol_200ngHeLa_optDIA_60min_Wat25cmBEH_1",8166,1,"jlb20230123_HomoSapiens_UniprotRefProteome_UP000005640","HGSNAT","Homo sapiens","Q68CP4","Heparan-alpha-glucosaminide N-acetyltransferase","HGNAT_HUMAN","3.80%",FALSE,2,0,10.8686664887139,1869.79772041823
"200fmol","20231201_jcl_6mix_200pmol_200ngHeLa_optDIA_60min_Wat25cmBEH_1",8166,1,"jlb20230123_HomoSapiens_UniprotRefProteome_UP000005640","RFFL","Homo sapiens","Q8WZ73","E3 ubiquitin-protein ligase rififylin","RFFL_HUMAN","10.20%",FALSE,2,0,7.15745125026213,142.760321994471
"200fmol","20231201_jcl_6mix_200pmol_200ngHeLa_optDIA_60min_Wat25cmBEH_1",8166,1,"jlb20230123_HomoSapiens_UniprotRefProteome_UP000005640","RNF185","Homo sapiens","Q96GF1","E3 ubiquitin-protein ligase RNF185","RN185_HUMAN","7.30%",FALSE,2,0,8.50944526231735,364.416699493152
"200fmol","20231201_jcl_6mix_200pmol_200ngHeLa_optDIA_60min_Wat25cmBEH_1",8166,1,"jlb20230123_HomoSapiens_UniprotRefProteome_UP000005640","ZNF462","Homo sapiens","Q96JM2","Zinc finger protein 462","ZN462_HUMAN","2%",FALSE,2,0.000374719,8.77214279233293,437.19793977524
"200fmol","20231201_jcl_6mix_200pmol_200ngHeLa_optDIA_60min_Wat25cmBEH_1",8166,1,"jlb20230123_HomoSapiens_UniprotRefProteome_UP000005640","ALKBH7","Homo sapiens","Q9BT30","Alpha-ketoglutarate-dependent dioxygenase alkB homolog 7, mitochondrial","ALKB7_HUMAN","14%",FALSE,2,0,7.91463592825263,241.291942209581
"200fmol","20231201_jcl_6mix_200pmol_200ngHeLa_optDIA_60min_Wat25cmBEH_1",8166,1,"jlb20230123_HomoSapiens_UniprotRefProteome_UP000005640","POLK","Homo sapiens","Q9UBT6","DNA polymerase kappa","POLK_HUMAN","4.10%",FALSE,2,0,7.24211600065767,151.388940049675
"200fmol","20231201_jcl_6mix_200pmol_200ngHeLa_optDIA_60min_Wat25cmBEH_1",8166,1,"jlb20230123_HomoSapiens_UniprotRefProteome_UP000005640","ACAD8","Homo sapiens","Q9UKU7","Isobutyryl-CoA dehydrogenase, mitochondrial","ACAD8_HUMAN","5.50%",FALSE,2,0,8.73417074175272,425.84090930162
"200fmol","20231201_jcl_6mix_200pmol_200ngHeLa_optDIA_60min_Wat25cmBEH_2",8161,2,"jlb20230123_HomoSapiens_UniprotRefProteome_UP000005640","ELOF1","Homo sapiens","A0A024R7E8;K7EMV4;K7EN05;K7EPC8;K7EQ44;P60002","Transcription elongation factor 1 homolog","A0A024R7E8_HUMAN;K7EMV4_HUMAN;K7EN05_HUMAN;K7EPC8_HUMAN;K7EQ44_HUMAN;ELOF1_HUMAN","17.3%;15%;23.7%;20%;15.8%;21.7%",TRUE,1,0,11.1400293510321,2256.74758944168
"200fmol","20231201_jcl_6mix_200pmol_200ngHeLa_optDIA_60min_Wat25cmBEH_2",8161,2,"jlb20230123_HomoSapiens_UniprotRefProteome_UP000005640","NUDT4B;NUDT4","Homo sapiens","A0A024RBG1;Q9NZJ9","Diphosphoinositol polyphosphate phosphohydrolase NUDT4B;Diphosphoinositol polyphosphate phosphohydrolase 2","NUD4B_HUMAN;NUDT4_HUMAN","29.8%;30%",FALSE,4,0,10.6381125716974,1593.64278669617
"200fmol","20231201_jcl_6mix_200pmol_200ngHeLa_optDIA_60min_Wat25cmBEH_2",8161,2,"jlb20230123_HomoSapiens_UniprotRefProteome_UP000005640","NOSIP","Homo sapiens","A0A075B6F9","Nitric oxide synthase-interacting protein","A0A075B6F9_HUMAN","7.90%",TRUE,1,0,7.35320935018107,163.507086048613
"200fmol","20231201_jcl_6mix_200pmol_200ngHeLa_optDIA_60min_Wat25cmBEH_2",8161,2,"jlb20230123_HomoSapiens_UniprotRefProteome_UP000005640","PPIAL4E;PPIAL4F;PPIAL4D;PPIAL4F","Homo sapiens","A0A075B759;A0A0H2UH34;F5H284;P0DN26","Peptidyl-prolyl cis-trans isomerase A-like 4E;Peptidyl-prolyl cis-trans isomerase;Peptidyl-prolyl cis-trans isomerase A-like 4D;Peptidyl-prolyl cis-trans isomerase A-like 4F","PAL4E_HUMAN;A0A0H2UH34_HUMAN;PAL4D_HUMAN;PAL4F_HUMAN","0%;0%;0%;0%",TRUE,0,0.738363141,NA,NA
"200fmol","20231201_jcl_6mix_200pmol_200ngHeLa_optDIA_60min_Wat25cmBEH_2",8161,2,"jlb20230123_HomoSapiens_UniprotRefProteome_UP000005640","IKBKE","Homo sapiens","A0A075B7B4;Q14164","Inhibitor of nuclear factor kappa-B kinase subunit epsilon","A0A075B7B4_HUMAN;IKKE_HUMAN","0%;0%",TRUE,0,0.321037601,NA,NA
"200fmol","20231201_jcl_6mix_200pmol_200ngHeLa_optDIA_60min_Wat25cmBEH_2",8161,2,"jlb20230123_HomoSapiens_UniprotRefProteome_UP000005640","PSG7;PSG7;PSG6;PSG5;PSG5;PSG6;PSG5;PSG6;PSG7;PSG5","Homo sapiens","A0A087WT09;A0A096LNM5;B5MCE1;E7EQY3;E9PC55;M0QZA7;M0R1G9;Q00889;Q13046;Q15238","Putative pregnancy-specific beta-1-glycoprotein 7;Putative pregnancy-specific beta-1-glycoprotein 7;Pregnancy-specific beta-1-glycoprotein 6;Pregnancy-specific beta-1-glycoprotein 5;Pregnancy-specific beta-1-glycoprotein 5;Pregnancy-specific beta-1-glycoprotein 6 (Fragment);Pregnancy-specific beta-1-glycoprotein 5;Pregnancy-specific beta-1-glycoprotein 6;Pregnancy-specific beta-1-glycoprotein 7;Pregnancy-specific beta-1-glycoprotein 5","A0A087WT09_HUMAN;A0A096LNM5_HUMAN;B5MCE1_HUMAN;E7EQY3_HUMAN;E9PC55_HUMAN;M0QZA7_HUMAN;M0R1G9_HUMAN;PSG6_HUMAN;PSG7_HUMAN;PSG5_HUMAN","0%;0%;0%;0%;0%;0%;0%;0%;0%;0%",TRUE,0,0.652998341,NA,NA
"200fmol","20231201_jcl_6mix_200pmol_200ngHeLa_optDIA_60min_Wat25cmBEH_2",8161,2,"jlb20230123_HomoSapiens_UniprotRefProteome_UP000005640","HTD2","Homo sapiens","A0A087WTC8;P86397","Hydroxyacyl-thioester dehydratase type 2, mitochondrial (Fragment);Hydroxyacyl-thioester dehydratase type 2, mitochondrial","A0A087WTC8_HUMAN;HTD2_HUMAN","36.8%;16.7%",TRUE,1,0,9.36132715904029,657.718827774311
"200fmol","20231201_jcl_6mix_200pmol_200ngHeLa_optDIA_60min_Wat25cmBEH_2",8161,2,"jlb20230123_HomoSapiens_UniprotRefProteome_UP000005640","BCL2L13","Homo sapiens","A0A087WTL4","Bcl-2-like protein 13","A0A087WTL4_HUMAN","2.80%",TRUE,1,0,12.0908770821191,4362.31151552812
"200fmol","20231201_jcl_6mix_200pmol_200ngHeLa_optDIA_60min_Wat25cmBEH_2",8161,2,"jlb20230123_HomoSapiens_UniprotRefProteome_UP000005640","KCNIP1","Homo sapiens","A0A087WTU8;A0A0A0MS16;A0A1B0GTZ7;Q9NZI2","Kv channel-interacting protein 1","A0A087WTU8_HUMAN;A0A0A0MS16_HUMAN;A0A1B0GTZ7_HUMAN;KCIP1_HUMAN","0%;0%;0%;0%",TRUE,0,0.031887909,NA,NA
"200fmol","20231201_jcl_6mix_200pmol_200ngHeLa_optDIA_60min_Wat25cmBEH_2",8161,2,"jlb20230123_HomoSapiens_UniprotRefProteome_UP000005640","ALMS1","Homo sapiens","A0A087WTU9;A0A087WV20;A0A804HIB7;A0A804HJA5;A0A804HJW3;A0A804HKC0;A0A804HKP4;A0A804HL70;Q8TCU4","Centrosome-associated protein ALMS1;Centrosome-associated protein ALMS1;Centrosome-associated protein ALMS1 (Fragment);Centrosome-associated protein ALMS1 (Fragment);Centrosome-associated protein ALMS1 (Fragment);Centrosome-associated protein ALMS1 (Fragment);Centrosome-associated protein ALMS1 (Fragment);Centrosome-associated protein ALMS1 (Fragment);Centrosome-associated protein ALMS1","A0A087WTU9_HUMAN;A0A087WV20_HUMAN;A0A804HIB7_HUMAN;A0A804HJA5_HUMAN;A0A804HJW3_HUMAN;A0A804HKC0_HUMAN;A0A804HKP4_HUMAN;A0A804HL70_HUMAN;ALMS1_HUMAN","0%;0%;0%;0%;0%;0%;0%;0%;0%",TRUE,0,0.124715739,NA,NA
"200fmol","20231201_jcl_6mix_200pmol_200ngHeLa_optDIA_60min_Wat25cmBEH_2",8161,2,"jlb20230123_HomoSapiens_UniprotRefProteome_UP000005640","HNRNPDL","Homo sapiens","A0A087WU03","Heterogeneous nuclear ribonucleoprotein D-like","A0A087WU03_HUMAN","31.60%",TRUE,1,0,12.9986348494364,8184.25198419472
"200fmol","20231201_jcl_6mix_200pmol_200ngHeLa_optDIA_60min_Wat25cmBEH_2",8161,2,"jlb20230123_HomoSapiens_UniprotRefProteome_UP000005640","PTBP1","Homo sapiens","A0A087WU68","Polypyrimidine tract-binding protein 1 (Fragment)","A0A087WU68_HUMAN","22.90%",TRUE,1,0,9.37607444790475,664.47653700697
"200fmol","20231201_jcl_6mix_200pmol_200ngHeLa_optDIA_60min_Wat25cmBEH_2",8161,2,"jlb20230123_HomoSapiens_UniprotRefProteome_UP000005640","NBDY","Homo sapiens","A0A0U1RRE5","Negative regulator of P-body association","NBDY_HUMAN","51.50%",FALSE,2,0,10.2066726398372,1181.72009445528
"200fmol","20231201_jcl_6mix_200pmol_200ngHeLa_optDIA_60min_Wat25cmBEH_2",8161,2,"jlb20230123_HomoSapiens_UniprotRefProteome_UP000005640","AHRR","Homo sapiens","A0A7I2PK40;A9YTQ3;D6RE68","Aryl hydrocarbon receptor repressor","A0A7I2PK40_HUMAN;AHRR_HUMAN;D6RE68_HUMAN","2.6%;2.6%;3.2%",FALSE,1,0,10.501837437125,1450.0002534998
"200fmol","20231201_jcl_6mix_200pmol_200ngHeLa_optDIA_60min_Wat25cmBEH_2",8161,2,"jlb20230123_HomoSapiens_UniprotRefProteome_UP000005640","PIP5K1C","Homo sapiens","A0A7P0T808;O60331","Phosphatidylinositol 4-phosphate 5-kinase type-1 gamma","A0A7P0T808_HUMAN;PI51C_HUMAN","4.3%;4.5%",FALSE,2,0,12.0607339020044,4272.11243632476
"200fmol","20231201_jcl_6mix_200pmol_200ngHeLa_optDIA_60min_Wat25cmBEH_2",8161,2,"jlb20230123_HomoSapiens_UniprotRefProteome_UP000005640","MYLK","Homo sapiens","A0A8I5KU53;Q15746","Myosin light chain kinase, smooth muscle;Myosin light chain kinase, smooth muscle","A0A8I5KU53_HUMAN;MYLK_HUMAN","1.9%;1.9%",FALSE,2,0.000374719,11.0983802518436,2192.52906419453
"200fmol","20231201_jcl_6mix_200pmol_200ngHeLa_optDIA_60min_Wat25cmBEH_2",8161,2,"jlb20230123_HomoSapiens_UniprotRefProteome_UP000005640","ZNF840P","Homo sapiens","A6NDX5","Putative zinc finger protein 840","ZN840_HUMAN","1%",FALSE,1,0,8.40781550061252,339.628919692908
"200fmol","20231201_jcl_6mix_200pmol_200ngHeLa_optDIA_60min_Wat25cmBEH_2",8161,2,"jlb20230123_HomoSapiens_UniprotRefProteome_UP000005640","CCDC85C","Homo sapiens","A6NKD9","Coiled-coil domain-containing protein 85C","CC85C_HUMAN","10.50%",FALSE,2,0,8.90946426098536,480.85705010277
"200fmol","20231201_jcl_6mix_200pmol_200ngHeLa_optDIA_60min_Wat25cmBEH_2",8161,2,"jlb20230123_HomoSapiens_UniprotRefProteome_UP000005640","TMCO5B","Homo sapiens","A8MYB1","Transmembrane and coiled-coil domain-containing protein 5B","TMC5B_HUMAN","2.30%",FALSE,1,0,8.66866161111565,406.936988877039
"200fmol","20231201_jcl_6mix_200pmol_200ngHeLa_optDIA_60min_Wat25cmBEH_2",8161,2,"jlb20230123_HomoSapiens_UniprotRefProteome_UP000005640","AZGP1","Homo sapiens","C9JEV0;P25311","Zinc-alpha-2-glycoprotein","C9JEV0_HUMAN;ZA2G_HUMAN","16.3%;12.4%",FALSE,2,0,7.26548884900529,153.861540615117
"200fmol","20231201_jcl_6mix_200pmol_200ngHeLa_optDIA_60min_Wat25cmBEH_2",8161,2,"jlb20230123_HomoSapiens_UniprotRefProteome_UP000005640","USP4","Homo sapiens","C9JNU9","Ubiquitin carboxyl-terminal hydrolase 4","C9JNU9_HUMAN","9.90%",FALSE,2,0.000252048,8.10556930168599,275.435231972867
"200fmol","20231201_jcl_6mix_200pmol_200ngHeLa_optDIA_60min_Wat25cmBEH_2",8161,2,"20230525_jclcleaned_MQcontaminants","ALB","","CON__P02769","Bovine serum albumin","ALBU_BOVIN","70.50%",FALSE,49,0,16.6819303558777,105138.414301053
"200fmol","20231201_jcl_6mix_200pmol_200ngHeLa_optDIA_60min_Wat25cmBEH_2",8161,2,"20230525_jclcleaned_MQcontaminants","CYCS","","CON__P62894","Cytochrome c","CYC_BOVIN","59%",FALSE,9,0,14.1575155804602,18274.13604625
"200fmol","20231201_jcl_6mix_200pmol_200ngHeLa_optDIA_60min_Wat25cmBEH_2",8161,2,"20230525_jclcleaned_MQcontaminants","TF","","CON__Q0IIK2","Serotransferrin (UP merge to Q29443)","TRFE_BOVIN","76.60%",FALSE,56,0,14.3355522817561,20674.3203407476
"200fmol","20231201_jcl_6mix_200pmol_200ngHeLa_optDIA_60min_Wat25cmBEH_2",8161,2,"20230525_jclcleaned_MQcontaminants","KRT16","","CON__Q3ZAW8;CON__Q9Z2K1","Keratin intermediate filament 16a;Keratin, type I cytoskeletal 16","KRT16_MOUSE","3.4%;3.4%",FALSE,1,0,10.9480390071073,1975.55049558161
"200fmol","20231201_jcl_6mix_200pmol_200ngHeLa_optDIA_60min_Wat25cmBEH_2",8161,2,"jlb20230123_HomoSapiens_UniprotRefProteome_UP000005640","BRDT","Homo sapiens","F8W0H2","Bromodomain testis-specific protein (Fragment)","F8W0H2_HUMAN","41.30%",FALSE,2,0,9.43534271957046,692.342796541684
"200fmol","20231201_jcl_6mix_200pmol_200ngHeLa_optDIA_60min_Wat25cmBEH_2",8161,2,"jlb20230123_HomoSapiens_UniprotRefProteome_UP000005640","BMAL2","Homo sapiens","H0Y5R1;Q8WYA1","Basic helix-loop-helix ARNT-like 2 (Fragment);Basic helix-loop-helix ARNT-like protein 2","H0Y5R1_HUMAN;BMAL2_HUMAN","7.7%;7.1%",FALSE,2,0,9.67598706105558,818.017025949386
"200fmol","20231201_jcl_6mix_200pmol_200ngHeLa_optDIA_60min_Wat25cmBEH_2",8161,2,"jlb20230123_HomoSapiens_UniprotRefProteome_UP000005640","DEF6","Homo sapiens","H0Y7V7;Q9H4E7","Differentially-expressed in FDCP 6 homolog;Differentially expressed in FDCP 6 homolog","H0Y7V7_HUMAN;DEFI6_HUMAN","3.4%;3.2%",FALSE,2,0.001485516,10.0915484845967,1091.08553093276
"200fmol","20231201_jcl_6mix_200pmol_200ngHeLa_optDIA_60min_Wat25cmBEH_2",8161,2,"jlb20230123_HomoSapiens_UniprotRefProteome_UP000005640","MYOF","Homo sapiens","H0YD14","Myoferlin (Fragment)","H0YD14_HUMAN","1%",FALSE,1,0,10.4119263664855,1362.39220134324
"200fmol","20231201_jcl_6mix_200pmol_200ngHeLa_optDIA_60min_Wat25cmBEH_2",8161,2,"jlb20230123_HomoSapiens_UniprotRefProteome_UP000005640","ATXN2L","Homo sapiens","H3BUF6","Ataxin-2-like protein","H3BUF6_HUMAN","4.30%",FALSE,2,0,8.45125151949002,350.009803096185
"200fmol","20231201_jcl_6mix_200pmol_200ngHeLa_optDIA_60min_Wat25cmBEH_2",8161,2,"jlb20230123_HomoSapiens_UniprotRefProteome_UP000005640",";TATDN2","Homo sapiens","H7C1W4;Q93075","Deoxyribonuclease TATDN2 (Fragment);Putative deoxyribonuclease TATDN2","H7C1W4_HUMAN;TATD2_HUMAN","5.9%;5.1%",FALSE,2,0.000374719,8.20731074348504,295.560721139366
"200fmol","20231201_jcl_6mix_200pmol_200ngHeLa_optDIA_60min_Wat25cmBEH_2",8161,2,"jlb20230123_HomoSapiens_UniprotRefProteome_UP000005640","FARP2","Homo sapiens","H7C3M7","FERM, ARHGEF and pleckstrin domain-containing protein 2 (Fragment)","H7C3M7_HUMAN","6.20%",FALSE,2,0.00356967,10.1450131150991,1132.27848215034
"200fmol","20231201_jcl_6mix_200pmol_200ngHeLa_optDIA_60min_Wat25cmBEH_2",8161,2,"jlb20230123_HomoSapiens_UniprotRefProteome_UP000005640","TECPR2","Homo sapiens","O15040","Tectonin beta-propeller repeat-containing protein 2","TCPR2_HUMAN","1.60%",FALSE,2,0,14.4037333877799,21674.8349591167
"200fmol","20231201_jcl_6mix_200pmol_200ngHeLa_optDIA_60min_Wat25cmBEH_2",8161,2,"jlb20230123_HomoSapiens_UniprotRefProteome_UP000005640","TLR3","Homo sapiens","O15455","Toll-like receptor 3","TLR3_HUMAN","2.70%",FALSE,2,0,7.48539353424983,179.195864668325
"200fmol","20231201_jcl_6mix_200pmol_200ngHeLa_optDIA_60min_Wat25cmBEH_2",8161,2,"jlb20230123_HomoSapiens_UniprotRefProteome_UP000005640","LRIG2","Homo sapiens","O94898","Leucine-rich repeats and immunoglobulin-like domains protein 2","LRIG2_HUMAN","2.40%",FALSE,2,0.003812569,8.77203436925276,437.165084206492
"200fmol","20231201_jcl_6mix_200pmol_200ngHeLa_optDIA_60min_Wat25cmBEH_2",8161,2,"jlb20230123_HomoSapiens_UniprotRefProteome_UP000005640","RAB3D","Homo sapiens","O95716","Ras-related protein Rab-3D","RAB3D_HUMAN","40.60%",FALSE,7,0,10.354477563861,1309.20705259357
"200fmol","20231201_jcl_6mix_200pmol_200ngHeLa_optDIA_60min_Wat25cmBEH_2",8161,2,"jlb20230503_Pierce88342_6Mix_Uniprotsequences","ADH1","Saccharomyces cerevisiae (strain ATCC 204508 / S288c)","P00330","Alcohol dehydrogenase 1","ADH1_YEAST","43.60%",FALSE,17,0,15.5905320733892,49342.1196927105
"200fmol","20231201_jcl_6mix_200pmol_200ngHeLa_optDIA_60min_Wat25cmBEH_2",8161,2,"jlb20230503_Pierce88342_6Mix_Uniprotsequences","LYZ","Gallus gallus","P00698","Lysozyme C","LYSC_CHICK","33.30%",FALSE,6,0,14.4131031008501,21816.0622400157
"200fmol","20231201_jcl_6mix_200pmol_200ngHeLa_optDIA_60min_Wat25cmBEH_2",8161,2,"jlb20230503_Pierce88342_6Mix_Uniprotsequences","lacZ","Escherichia coli (strain K12)","P00722","Beta-galactosidase","BGAL_ECOLI","46.70%",FALSE,40,0,15.6316836834785,50769.8255884237
"200fmol","20231201_jcl_6mix_200pmol_200ngHeLa_optDIA_60min_Wat25cmBEH_2",8161,2,"jlb20230123_HomoSapiens_UniprotRefProteome_UP000005640","CSTA","Homo sapiens","P01040","Cystatin-A","CYTA_HUMAN","42.90%",FALSE,3,0,9.4388360548679,694.021263578292
"200fmol","20231201_jcl_6mix_200pmol_200ngHeLa_optDIA_60min_Wat25cmBEH_2",8161,2,"jlb20230123_HomoSapiens_UniprotRefProteome_UP000005640","PRKCB","Homo sapiens","P05771","Protein kinase C beta type","KPCB_HUMAN","3.90%",FALSE,2,0,10.3040352548892,1264.22300268037
"200fmol","20231201_jcl_6mix_200pmol_200ngHeLa_optDIA_60min_Wat25cmBEH_2",8161,2,"jlb20230123_HomoSapiens_UniprotRefProteome_UP000005640","LPL","Homo sapiens","P06858","Lipoprotein lipase","LIPL_HUMAN","7.60%",FALSE,2,0,8.86966564261424,467.773279342963
"200fmol","20231201_jcl_6mix_200pmol_200ngHeLa_optDIA_60min_Wat25cmBEH_2",8161,2,"jlb20230123_HomoSapiens_UniprotRefProteome_UP000005640","PIP","Homo sapiens","P12273","Prolactin-inducible protein","PIP_HUMAN","10.30%",FALSE,1,0,6.58156364648899,95.7740992071238
"200fmol","20231201_jcl_6mix_200pmol_200ngHeLa_optDIA_60min_Wat25cmBEH_2",8161,2,"jlb20230123_HomoSapiens_UniprotRefProteome_UP000005640","C6","Homo sapiens","P13671","Complement component C6","CO6_HUMAN","4.50%",FALSE,2,0,7.18131803346128,145.14167692067
"200fmol","20231201_jcl_6mix_200pmol_200ngHeLa_optDIA_60min_Wat25cmBEH_2",8161,2,"jlb20230123_HomoSapiens_UniprotRefProteome_UP000005640","GLB1","Homo sapiens","P16278","Beta-galactosidase","BGAL_HUMAN","28.10%",FALSE,16,0,11.7727399954928,3499.03164150725
"200fmol","20231201_jcl_6mix_200pmol_200ngHeLa_optDIA_60min_Wat25cmBEH_2",8161,2,"jlb20230123_HomoSapiens_UniprotRefProteome_UP000005640","TARS1","Homo sapiens","P26639","Threonine--tRNA ligase 1, cytoplasmic","SYTC_HUMAN","62.80%",FALSE,42,0,14.8530557168937,29594.7924136986
"200fmol","20231201_jcl_6mix_200pmol_200ngHeLa_optDIA_60min_Wat25cmBEH_2",8161,2,"jlb20230123_HomoSapiens_UniprotRefProteome_UP000005640","CASP14","Homo sapiens","P31944","Caspase-14","CASPE_HUMAN","36.40%",FALSE,6,0,6.1115169212912,69.1432696003187
"200fmol","20231201_jcl_6mix_200pmol_200ngHeLa_optDIA_60min_Wat25cmBEH_2",8161,2,"jlb20230123_HomoSapiens_UniprotRefProteome_UP000005640","DCAF6","Homo sapiens","Q58WW2","DDB1- and CUL4-associated factor 6","DCAF6_HUMAN","4.10%",FALSE,2,0,8.05942786513599,266.765421653634
"200fmol","20231201_jcl_6mix_200pmol_200ngHeLa_optDIA_60min_Wat25cmBEH_2",8161,2,"jlb20230123_HomoSapiens_UniprotRefProteome_UP000005640","DALRD3","Homo sapiens","Q5D0E6","DALR anticodon-binding domain-containing protein 3","DALD3_HUMAN","7%",FALSE,2,0,10.1876347489862,1166.22848367062
"200fmol","20231201_jcl_6mix_200pmol_200ngHeLa_optDIA_60min_Wat25cmBEH_2",8161,2,"jlb20230123_HomoSapiens_UniprotRefProteome_UP000005640","HGSNAT","Homo sapiens","Q68CP4","Heparan-alpha-glucosaminide N-acetyltransferase","HGNAT_HUMAN","3.80%",FALSE,2,0,9.50420465532751,726.190705661501
"200fmol","20231201_jcl_6mix_200pmol_200ngHeLa_optDIA_60min_Wat25cmBEH_2",8161,2,"jlb20230123_HomoSapiens_UniprotRefProteome_UP000005640","RFFL","Homo sapiens","Q8WZ73","E3 ubiquitin-protein ligase rififylin","RFFL_HUMAN","10.20%",FALSE,2,0,7.00734524531706,128.653352826577
"200fmol","20231201_jcl_6mix_200pmol_200ngHeLa_optDIA_60min_Wat25cmBEH_2",8161,2,"jlb20230123_HomoSapiens_UniprotRefProteome_UP000005640","RNF185","Homo sapiens","Q96GF1","E3 ubiquitin-protein ligase RNF185","RN185_HUMAN","7.30%",FALSE,2,0,9.60500515178394,778.743902505696
"200fmol","20231201_jcl_6mix_200pmol_200ngHeLa_optDIA_60min_Wat25cmBEH_2",8161,2,"jlb20230123_HomoSapiens_UniprotRefProteome_UP000005640","ZNF462","Homo sapiens","Q96JM2","Zinc finger protein 462","ZN462_HUMAN","2%",FALSE,3,0.000374719,8.67142539862563,407.717309951023
"200fmol","20231201_jcl_6mix_200pmol_200ngHeLa_optDIA_60min_Wat25cmBEH_2",8161,2,"jlb20230123_HomoSapiens_UniprotRefProteome_UP000005640","ALKBH7","Homo sapiens","Q9BT30","Alpha-ketoglutarate-dependent dioxygenase alkB homolog 7, mitochondrial","ALKB7_HUMAN","14%",FALSE,2,0,7.27911234115913,155.321349952575
"200fmol","20231201_jcl_6mix_200pmol_200ngHeLa_optDIA_60min_Wat25cmBEH_2",8161,2,"jlb20230123_HomoSapiens_UniprotRefProteome_UP000005640","POLK","Homo sapiens","Q9UBT6","DNA polymerase kappa","POLK_HUMAN","4.10%",FALSE,2,0,7.38470558236369,167.11594512177
"200fmol","20231201_jcl_6mix_200pmol_200ngHeLa_optDIA_60min_Wat25cmBEH_2",8161,2,"jlb20230123_HomoSapiens_UniprotRefProteome_UP000005640","ACAD8","Homo sapiens","Q9UKU7","Isobutyryl-CoA dehydrogenase, mitochondrial","ACAD8_HUMAN","5.50%",FALSE,2,0,6.98096828048565,126.322540478602
"200fmol","20231201_jcl_6mix_200pmol_200ngHeLa_optDIA_60min_Wat25cmBEH_3",8169,3,"jlb20230123_HomoSapiens_UniprotRefProteome_UP000005640","ELOF1","Homo sapiens","A0A024R7E8;K7EMV4;K7EN05;K7EPC8;K7EQ44;P60002","Transcription elongation factor 1 homolog","A0A024R7E8_HUMAN;K7EMV4_HUMAN;K7EN05_HUMAN;K7EPC8_HUMAN;K7EQ44_HUMAN;ELOF1_HUMAN","17.3%;15%;23.7%;20%;15.8%;21.7%",TRUE,1,0,11.2691122674598,2467.97534622954
"200fmol","20231201_jcl_6mix_200pmol_200ngHeLa_optDIA_60min_Wat25cmBEH_3",8169,3,"jlb20230123_HomoSapiens_UniprotRefProteome_UP000005640","NUDT4B;NUDT4","Homo sapiens","A0A024RBG1;Q9NZJ9","Diphosphoinositol polyphosphate phosphohydrolase NUDT4B;Diphosphoinositol polyphosphate phosphohydrolase 2","NUD4B_HUMAN;NUDT4_HUMAN","29.8%;30%",FALSE,4,0,10.574506285634,1524.90778399341
"200fmol","20231201_jcl_6mix_200pmol_200ngHeLa_optDIA_60min_Wat25cmBEH_3",8169,3,"jlb20230123_HomoSapiens_UniprotRefProteome_UP000005640","NOSIP","Homo sapiens","A0A075B6F9","Nitric oxide synthase-interacting protein","A0A075B6F9_HUMAN","7.90%",TRUE,1,0,7.11791000626224,138.900694857294
"200fmol","20231201_jcl_6mix_200pmol_200ngHeLa_optDIA_60min_Wat25cmBEH_3",8169,3,"jlb20230123_HomoSapiens_UniprotRefProteome_UP000005640","PPIAL4E;PPIAL4F;PPIAL4D;PPIAL4F","Homo sapiens","A0A075B759;A0A0H2UH34;F5H284;P0DN26","Peptidyl-prolyl cis-trans isomerase A-like 4E;Peptidyl-prolyl cis-trans isomerase;Peptidyl-prolyl cis-trans isomerase A-like 4D;Peptidyl-prolyl cis-trans isomerase A-like 4F","PAL4E_HUMAN;A0A0H2UH34_HUMAN;PAL4D_HUMAN;PAL4F_HUMAN","0%;0%;0%;0%",TRUE,0,0.738363141,NA,NA
"200fmol","20231201_jcl_6mix_200pmol_200ngHeLa_optDIA_60min_Wat25cmBEH_3",8169,3,"jlb20230123_HomoSapiens_UniprotRefProteome_UP000005640","IKBKE","Homo sapiens","A0A075B7B4;Q14164","Inhibitor of nuclear factor kappa-B kinase subunit epsilon","A0A075B7B4_HUMAN;IKKE_HUMAN","0%;0%",TRUE,0,0.321037601,NA,NA
"200fmol","20231201_jcl_6mix_200pmol_200ngHeLa_optDIA_60min_Wat25cmBEH_3",8169,3,"jlb20230123_HomoSapiens_UniprotRefProteome_UP000005640","PSG7;PSG7;PSG6;PSG5;PSG5;PSG6;PSG5;PSG6;PSG7;PSG5","Homo sapiens","A0A087WT09;A0A096LNM5;B5MCE1;E7EQY3;E9PC55;M0QZA7;M0R1G9;Q00889;Q13046;Q15238","Putative pregnancy-specific beta-1-glycoprotein 7;Putative pregnancy-specific beta-1-glycoprotein 7;Pregnancy-specific beta-1-glycoprotein 6;Pregnancy-specific beta-1-glycoprotein 5;Pregnancy-specific beta-1-glycoprotein 5;Pregnancy-specific beta-1-glycoprotein 6 (Fragment);Pregnancy-specific beta-1-glycoprotein 5;Pregnancy-specific beta-1-glycoprotein 6;Pregnancy-specific beta-1-glycoprotein 7;Pregnancy-specific beta-1-glycoprotein 5","A0A087WT09_HUMAN;A0A096LNM5_HUMAN;B5MCE1_HUMAN;E7EQY3_HUMAN;E9PC55_HUMAN;M0QZA7_HUMAN;M0R1G9_HUMAN;PSG6_HUMAN;PSG7_HUMAN;PSG5_HUMAN","0%;0%;0%;0%;0%;0%;0%;0%;0%;0%",TRUE,0,0.652998341,NA,NA
"200fmol","20231201_jcl_6mix_200pmol_200ngHeLa_optDIA_60min_Wat25cmBEH_3",8169,3,"jlb20230123_HomoSapiens_UniprotRefProteome_UP000005640","HTD2","Homo sapiens","A0A087WTC8;P86397","Hydroxyacyl-thioester dehydratase type 2, mitochondrial (Fragment);Hydroxyacyl-thioester dehydratase type 2, mitochondrial","A0A087WTC8_HUMAN;HTD2_HUMAN","36.8%;16.7%",TRUE,1,0,9.83551267720306,913.659424909617
"200fmol","20231201_jcl_6mix_200pmol_200ngHeLa_optDIA_60min_Wat25cmBEH_3",8169,3,"jlb20230123_HomoSapiens_UniprotRefProteome_UP000005640","BCL2L13","Homo sapiens","A0A087WTL4","Bcl-2-like protein 13","A0A087WTL4_HUMAN","2.80%",TRUE,1,0,11.7272482399651,3390.41988727799
"200fmol","20231201_jcl_6mix_200pmol_200ngHeLa_optDIA_60min_Wat25cmBEH_3",8169,3,"jlb20230123_HomoSapiens_UniprotRefProteome_UP000005640","KCNIP1","Homo sapiens","A0A087WTU8;A0A0A0MS16;A0A1B0GTZ7;Q9NZI2","Kv channel-interacting protein 1","A0A087WTU8_HUMAN;A0A0A0MS16_HUMAN;A0A1B0GTZ7_HUMAN;KCIP1_HUMAN","0%;0%;0%;0%",TRUE,0,0.031887909,NA,NA
"200fmol","20231201_jcl_6mix_200pmol_200ngHeLa_optDIA_60min_Wat25cmBEH_3",8169,3,"jlb20230123_HomoSapiens_UniprotRefProteome_UP000005640","ALMS1","Homo sapiens","A0A087WTU9;A0A087WV20;A0A804HIB7;A0A804HJA5;A0A804HJW3;A0A804HKC0;A0A804HKP4;A0A804HL70;Q8TCU4","Centrosome-associated protein ALMS1;Centrosome-associated protein ALMS1;Centrosome-associated protein ALMS1 (Fragment);Centrosome-associated protein ALMS1 (Fragment);Centrosome-associated protein ALMS1 (Fragment);Centrosome-associated protein ALMS1 (Fragment);Centrosome-associated protein ALMS1 (Fragment);Centrosome-associated protein ALMS1 (Fragment);Centrosome-associated protein ALMS1","A0A087WTU9_HUMAN;A0A087WV20_HUMAN;A0A804HIB7_HUMAN;A0A804HJA5_HUMAN;A0A804HJW3_HUMAN;A0A804HKC0_HUMAN;A0A804HKP4_HUMAN;A0A804HL70_HUMAN;ALMS1_HUMAN","0%;0%;0%;0%;0%;0%;0%;0%;0%",TRUE,0,0.124715739,NA,NA
"200fmol","20231201_jcl_6mix_200pmol_200ngHeLa_optDIA_60min_Wat25cmBEH_3",8169,3,"jlb20230123_HomoSapiens_UniprotRefProteome_UP000005640","HNRNPDL","Homo sapiens","A0A087WU03","Heterogeneous nuclear ribonucleoprotein D-like","A0A087WU03_HUMAN","31.60%",TRUE,1,0,12.9434878295792,7877.31269145205
"200fmol","20231201_jcl_6mix_200pmol_200ngHeLa_optDIA_60min_Wat25cmBEH_3",8169,3,"jlb20230123_HomoSapiens_UniprotRefProteome_UP000005640","PTBP1","Homo sapiens","A0A087WU68","Polypyrimidine tract-binding protein 1 (Fragment)","A0A087WU68_HUMAN","22.90%",TRUE,1,0,9.18906252399272,583.691611290155
"200fmol","20231201_jcl_6mix_200pmol_200ngHeLa_optDIA_60min_Wat25cmBEH_3",8169,3,"jlb20230123_HomoSapiens_UniprotRefProteome_UP000005640","NBDY","Homo sapiens","A0A0U1RRE5","Negative regulator of P-body association","NBDY_HUMAN","51.50%",FALSE,2,0,9.56894250982265,759.519139328198
"200fmol","20231201_jcl_6mix_200pmol_200ngHeLa_optDIA_60min_Wat25cmBEH_3",8169,3,"jlb20230123_HomoSapiens_UniprotRefProteome_UP000005640","AHRR","Homo sapiens","A0A7I2PK40;A9YTQ3;D6RE68","Aryl hydrocarbon receptor repressor","A0A7I2PK40_HUMAN;AHRR_HUMAN;D6RE68_HUMAN","4.3%;4.3%;5.4%",FALSE,2,0,10.423182325365,1373.06320822531
"200fmol","20231201_jcl_6mix_200pmol_200ngHeLa_optDIA_60min_Wat25cmBEH_3",8169,3,"jlb20230123_HomoSapiens_UniprotRefProteome_UP000005640","PIP5K1C","Homo sapiens","A0A7P0T808;O60331","Phosphatidylinositol 4-phosphate 5-kinase type-1 gamma","A0A7P0T808_HUMAN;PI51C_HUMAN","4.3%;4.5%",FALSE,2,0,8.62390941988592,394.50763740155
"200fmol","20231201_jcl_6mix_200pmol_200ngHeLa_optDIA_60min_Wat25cmBEH_3",8169,3,"jlb20230123_HomoSapiens_UniprotRefProteome_UP000005640","MYLK","Homo sapiens","A0A8I5KU53;Q15746","Myosin light chain kinase, smooth muscle;Myosin light chain kinase, smooth muscle","A0A8I5KU53_HUMAN;MYLK_HUMAN","1.9%;1.9%",FALSE,2,0.000374719,10.8677583769846,1868.62113707764
"200fmol","20231201_jcl_6mix_200pmol_200ngHeLa_optDIA_60min_Wat25cmBEH_3",8169,3,"jlb20230123_HomoSapiens_UniprotRefProteome_UP000005640","ZNF840P","Homo sapiens","A6NDX5","Putative zinc finger protein 840","ZN840_HUMAN","3.10%",FALSE,2,0,8.5067727452216,363.74226149343
"200fmol","20231201_jcl_6mix_200pmol_200ngHeLa_optDIA_60min_Wat25cmBEH_3",8169,3,"jlb20230123_HomoSapiens_UniprotRefProteome_UP000005640","CCDC85C","Homo sapiens","A6NKD9","Coiled-coil domain-containing protein 85C","CC85C_HUMAN","10.50%",FALSE,2,0,9.15711060112921,570.906469634217
"200fmol","20231201_jcl_6mix_200pmol_200ngHeLa_optDIA_60min_Wat25cmBEH_3",8169,3,"jlb20230123_HomoSapiens_UniprotRefProteome_UP000005640","TMCO5B","Homo sapiens","A8MYB1","Transmembrane and coiled-coil domain-containing protein 5B","TMC5B_HUMAN","4.60%",FALSE,2,0,8.82555825586376,453.68849215869
"200fmol","20231201_jcl_6mix_200pmol_200ngHeLa_optDIA_60min_Wat25cmBEH_3",8169,3,"jlb20230123_HomoSapiens_UniprotRefProteome_UP000005640","AZGP1","Homo sapiens","C9JEV0;P25311","Zinc-alpha-2-glycoprotein","C9JEV0_HUMAN;ZA2G_HUMAN","16.3%;12.4%",FALSE,2,0,6.73892774065533,106.811838037632
"200fmol","20231201_jcl_6mix_200pmol_200ngHeLa_optDIA_60min_Wat25cmBEH_3",8169,3,"jlb20230123_HomoSapiens_UniprotRefProteome_UP000005640","USP4","Homo sapiens","C9JNU9","Ubiquitin carboxyl-terminal hydrolase 4","C9JNU9_HUMAN","9.90%",FALSE,2,0.000252048,8.9478384512311,493.818971007694
"200fmol","20231201_jcl_6mix_200pmol_200ngHeLa_optDIA_60min_Wat25cmBEH_3",8169,3,"20230525_jclcleaned_MQcontaminants","ALB","","CON__P02769","Bovine serum albumin","ALBU_BOVIN","70.50%",FALSE,50,0,16.7979753541643,113944.783622928
"200fmol","20231201_jcl_6mix_200pmol_200ngHeLa_optDIA_60min_Wat25cmBEH_3",8169,3,"20230525_jclcleaned_MQcontaminants","CYCS","","CON__P62894","Cytochrome c","CYC_BOVIN","59%",FALSE,9,0,13.9876488428488,16244.3325063391
"200fmol","20231201_jcl_6mix_200pmol_200ngHeLa_optDIA_60min_Wat25cmBEH_3",8169,3,"20230525_jclcleaned_MQcontaminants","TF","","CON__Q0IIK2","Serotransferrin (UP merge to Q29443)","TRFE_BOVIN","77.10%",FALSE,57,0,14.7097282133286,26795.9661364064
"200fmol","20231201_jcl_6mix_200pmol_200ngHeLa_optDIA_60min_Wat25cmBEH_3",8169,3,"20230525_jclcleaned_MQcontaminants","KRT16","","CON__Q3ZAW8;CON__Q9Z2K1","Keratin intermediate filament 16a;Keratin, type I cytoskeletal 16","KRT16_MOUSE","8.2%;8.3%",FALSE,2,0,10.4734101120229,1421.70863309333
"200fmol","20231201_jcl_6mix_200pmol_200ngHeLa_optDIA_60min_Wat25cmBEH_3",8169,3,"jlb20230123_HomoSapiens_UniprotRefProteome_UP000005640","BRDT","Homo sapiens","F8W0H2","Bromodomain testis-specific protein (Fragment)","F8W0H2_HUMAN","41.30%",FALSE,2,0,9.29049032837573,626.204614009372
"200fmol","20231201_jcl_6mix_200pmol_200ngHeLa_optDIA_60min_Wat25cmBEH_3",8169,3,"jlb20230123_HomoSapiens_UniprotRefProteome_UP000005640","BMAL2","Homo sapiens","H0Y5R1;Q8WYA1","Basic helix-loop-helix ARNT-like 2 (Fragment);Basic helix-loop-helix ARNT-like protein 2","H0Y5R1_HUMAN;BMAL2_HUMAN","7.7%;7.1%",FALSE,2,0,9.47949134943677,713.857028436983
"200fmol","20231201_jcl_6mix_200pmol_200ngHeLa_optDIA_60min_Wat25cmBEH_3",8169,3,"jlb20230123_HomoSapiens_UniprotRefProteome_UP000005640","DEF6","Homo sapiens","H0Y7V7;Q9H4E7","Differentially-expressed in FDCP 6 homolog;Differentially expressed in FDCP 6 homolog","H0Y7V7_HUMAN;DEFI6_HUMAN","3.4%;3.2%",FALSE,2,0.001485516,10.5762575169159,1526.75993401884
"200fmol","20231201_jcl_6mix_200pmol_200ngHeLa_optDIA_60min_Wat25cmBEH_3",8169,3,"jlb20230123_HomoSapiens_UniprotRefProteome_UP000005640","MYOF","Homo sapiens","H0YD14","Myoferlin (Fragment)","H0YD14_HUMAN","2%",FALSE,2,0,10.3405709034421,1296.64776031107
"200fmol","20231201_jcl_6mix_200pmol_200ngHeLa_optDIA_60min_Wat25cmBEH_3",8169,3,"jlb20230123_HomoSapiens_UniprotRefProteome_UP000005640","ATXN2L","Homo sapiens","H3BUF6","Ataxin-2-like protein","H3BUF6_HUMAN","4.30%",FALSE,2,0,8.15795322118246,285.620005249056
"200fmol","20231201_jcl_6mix_200pmol_200ngHeLa_optDIA_60min_Wat25cmBEH_3",8169,3,"jlb20230123_HomoSapiens_UniprotRefProteome_UP000005640",";TATDN2","Homo sapiens","H7C1W4;Q93075","Deoxyribonuclease TATDN2 (Fragment);Putative deoxyribonuclease TATDN2","H7C1W4_HUMAN;TATD2_HUMAN","5.9%;5.1%",FALSE,2,0.000374719,7.5796054376224,191.288381249701
"200fmol","20231201_jcl_6mix_200pmol_200ngHeLa_optDIA_60min_Wat25cmBEH_3",8169,3,"jlb20230123_HomoSapiens_UniprotRefProteome_UP000005640","FARP2","Homo sapiens","H7C3M7","FERM, ARHGEF and pleckstrin domain-containing protein 2 (Fragment)","H7C3M7_HUMAN","6.20%",FALSE,2,0.00356967,9.99770781894405,1022.37434129223
"200fmol","20231201_jcl_6mix_200pmol_200ngHeLa_optDIA_60min_Wat25cmBEH_3",8169,3,"jlb20230123_HomoSapiens_UniprotRefProteome_UP000005640","TECPR2","Homo sapiens","O15040","Tectonin beta-propeller repeat-containing protein 2","TCPR2_HUMAN","0%",FALSE,0,0,NA,NA
"200fmol","20231201_jcl_6mix_200pmol_200ngHeLa_optDIA_60min_Wat25cmBEH_3",8169,3,"jlb20230123_HomoSapiens_UniprotRefProteome_UP000005640","TLR3","Homo sapiens","O15455","Toll-like receptor 3","TLR3_HUMAN","2.70%",FALSE,2,0,7.38114964269865,166.704546699627
"200fmol","20231201_jcl_6mix_200pmol_200ngHeLa_optDIA_60min_Wat25cmBEH_3",8169,3,"jlb20230123_HomoSapiens_UniprotRefProteome_UP000005640","LRIG2","Homo sapiens","O94898","Leucine-rich repeats and immunoglobulin-like domains protein 2","LRIG2_HUMAN","2.40%",FALSE,2,0.003812569,9.10411533571469,550.315569515578
"200fmol","20231201_jcl_6mix_200pmol_200ngHeLa_optDIA_60min_Wat25cmBEH_3",8169,3,"jlb20230123_HomoSapiens_UniprotRefProteome_UP000005640","RAB3D","Homo sapiens","O95716","Ras-related protein Rab-3D","RAB3D_HUMAN","40.60%",FALSE,7,0,10.0100941104391,1031.18974803135
"200fmol","20231201_jcl_6mix_200pmol_200ngHeLa_optDIA_60min_Wat25cmBEH_3",8169,3,"jlb20230503_Pierce88342_6Mix_Uniprotsequences","ADH1","Saccharomyces cerevisiae (strain ATCC 204508 / S288c)","P00330","Alcohol dehydrogenase 1","ADH1_YEAST","43.60%",FALSE,17,0,15.562893407802,48405.8371145339
"200fmol","20231201_jcl_6mix_200pmol_200ngHeLa_optDIA_60min_Wat25cmBEH_3",8169,3,"jlb20230503_Pierce88342_6Mix_Uniprotsequences","LYZ","Gallus gallus","P00698","Lysozyme C","LYSC_CHICK","33.30%",FALSE,6,0,14.7173409603059,26937.735572951
"200fmol","20231201_jcl_6mix_200pmol_200ngHeLa_optDIA_60min_Wat25cmBEH_3",8169,3,"jlb20230503_Pierce88342_6Mix_Uniprotsequences","lacZ","Escherichia coli (strain K12)","P00722","Beta-galactosidase","BGAL_ECOLI","46.70%",FALSE,40,0,15.4624528943385,45150.4546359939
"200fmol","20231201_jcl_6mix_200pmol_200ngHeLa_optDIA_60min_Wat25cmBEH_3",8169,3,"jlb20230123_HomoSapiens_UniprotRefProteome_UP000005640","CSTA","Homo sapiens","P01040","Cystatin-A","CYTA_HUMAN","42.90%",FALSE,3,0,8.71719285030339,420.858909879162
"200fmol","20231201_jcl_6mix_200pmol_200ngHeLa_optDIA_60min_Wat25cmBEH_3",8169,3,"jlb20230123_HomoSapiens_UniprotRefProteome_UP000005640","PRKCB","Homo sapiens","P05771","Protein kinase C beta type","KPCB_HUMAN","3.90%",FALSE,2,0,9.93665434502277,980.01114441428
"200fmol","20231201_jcl_6mix_200pmol_200ngHeLa_optDIA_60min_Wat25cmBEH_3",8169,3,"jlb20230123_HomoSapiens_UniprotRefProteome_UP000005640","LPL","Homo sapiens","P06858","Lipoprotein lipase","LIPL_HUMAN","7.60%",FALSE,2,0,8.50318476910618,362.83876008331
"200fmol","20231201_jcl_6mix_200pmol_200ngHeLa_optDIA_60min_Wat25cmBEH_3",8169,3,"jlb20230123_HomoSapiens_UniprotRefProteome_UP000005640","PIP","Homo sapiens","P12273","Prolactin-inducible protein","PIP_HUMAN","0%",FALSE,0,0,NA,NA
"200fmol","20231201_jcl_6mix_200pmol_200ngHeLa_optDIA_60min_Wat25cmBEH_3",8169,3,"jlb20230123_HomoSapiens_UniprotRefProteome_UP000005640","C6","Homo sapiens","P13671","Complement component C6","CO6_HUMAN","4.50%",FALSE,2,0,6.75370055976482,107.911182157446
"200fmol","20231201_jcl_6mix_200pmol_200ngHeLa_optDIA_60min_Wat25cmBEH_3",8169,3,"jlb20230123_HomoSapiens_UniprotRefProteome_UP000005640","GLB1","Homo sapiens","P16278","Beta-galactosidase","BGAL_HUMAN","28.10%",FALSE,16,0,11.7907274615593,3542.93052905899
"200fmol","20231201_jcl_6mix_200pmol_200ngHeLa_optDIA_60min_Wat25cmBEH_3",8169,3,"jlb20230123_HomoSapiens_UniprotRefProteome_UP000005640","TARS1","Homo sapiens","P26639","Threonine--tRNA ligase 1, cytoplasmic","SYTC_HUMAN","62.80%",FALSE,42,0,14.7535144405217,27621.6989815086
"200fmol","20231201_jcl_6mix_200pmol_200ngHeLa_optDIA_60min_Wat25cmBEH_3",8169,3,"jlb20230123_HomoSapiens_UniprotRefProteome_UP000005640","CASP14","Homo sapiens","P31944","Caspase-14","CASPE_HUMAN","36.40%",FALSE,6,0,5.9813626075066,63.1785362580372
"200fmol","20231201_jcl_6mix_200pmol_200ngHeLa_optDIA_60min_Wat25cmBEH_3",8169,3,"jlb20230123_HomoSapiens_UniprotRefProteome_UP000005640","DCAF6","Homo sapiens","Q58WW2","DDB1- and CUL4-associated factor 6","DCAF6_HUMAN","4.10%",FALSE,2,0,6.94268741446062,123.014742614251
"200fmol","20231201_jcl_6mix_200pmol_200ngHeLa_optDIA_60min_Wat25cmBEH_3",8169,3,"jlb20230123_HomoSapiens_UniprotRefProteome_UP000005640","DALRD3","Homo sapiens","Q5D0E6","DALR anticodon-binding domain-containing protein 3","DALD3_HUMAN","7%",FALSE,2,0,10.262920840564,1228.70327580863
"200fmol","20231201_jcl_6mix_200pmol_200ngHeLa_optDIA_60min_Wat25cmBEH_3",8169,3,"jlb20230123_HomoSapiens_UniprotRefProteome_UP000005640","HGSNAT","Homo sapiens","Q68CP4","Heparan-alpha-glucosaminide N-acetyltransferase","HGNAT_HUMAN","3.80%",FALSE,2,0,10.9094226195556,1923.37268407384
"200fmol","20231201_jcl_6mix_200pmol_200ngHeLa_optDIA_60min_Wat25cmBEH_3",8169,3,"jlb20230123_HomoSapiens_UniprotRefProteome_UP000005640","RFFL","Homo sapiens","Q8WZ73","E3 ubiquitin-protein ligase rififylin","RFFL_HUMAN","10.20%",FALSE,2,0,6.8419646362658,114.719325479034
"200fmol","20231201_jcl_6mix_200pmol_200ngHeLa_optDIA_60min_Wat25cmBEH_3",8169,3,"jlb20230123_HomoSapiens_UniprotRefProteome_UP000005640","RNF185","Homo sapiens","Q96GF1","E3 ubiquitin-protein ligase RNF185","RN185_HUMAN","7.30%",FALSE,2,0,9.710221699069,837.660421421044
"200fmol","20231201_jcl_6mix_200pmol_200ngHeLa_optDIA_60min_Wat25cmBEH_3",8169,3,"jlb20230123_HomoSapiens_UniprotRefProteome_UP000005640","ZNF462","Homo sapiens","Q96JM2","Zinc finger protein 462","ZN462_HUMAN","2.30%",FALSE,4,0.000374719,9.08916162900014,544.640942691033
"200fmol","20231201_jcl_6mix_200pmol_200ngHeLa_optDIA_60min_Wat25cmBEH_3",8169,3,"jlb20230123_HomoSapiens_UniprotRefProteome_UP000005640","ALKBH7","Homo sapiens","Q9BT30","Alpha-ketoglutarate-dependent dioxygenase alkB homolog 7, mitochondrial","ALKB7_HUMAN","14%",FALSE,2,0,8.35236041491108,326.821801434344
"200fmol","20231201_jcl_6mix_200pmol_200ngHeLa_optDIA_60min_Wat25cmBEH_3",8169,3,"jlb20230123_HomoSapiens_UniprotRefProteome_UP000005640","POLK","Homo sapiens","Q9UBT6","DNA polymerase kappa","POLK_HUMAN","4.10%",FALSE,2,0,7.1038821410918,137.556656172166
"200fmol","20231201_jcl_6mix_200pmol_200ngHeLa_optDIA_60min_Wat25cmBEH_3",8169,3,"jlb20230123_HomoSapiens_UniprotRefProteome_UP000005640","ACAD8","Homo sapiens","Q9UKU7","Isobutyryl-CoA dehydrogenase, mitochondrial","ACAD8_HUMAN","5.50%",FALSE,2,0,7.32155181580479,159.958274755928
"200fmol","20231201_jcl_6mix_200pmol_200ngHeLa_optDIA_60min_Wat25cmBEH_4",8161,4,"jlb20230123_HomoSapiens_UniprotRefProteome_UP000005640","ELOF1","Homo sapiens","A0A024R7E8;K7EMV4;K7EN05;K7EPC8;K7EQ44;P60002","Transcription elongation factor 1 homolog","A0A024R7E8_HUMAN;K7EMV4_HUMAN;K7EN05_HUMAN;K7EPC8_HUMAN;K7EQ44_HUMAN;ELOF1_HUMAN","17.3%;15%;23.7%;20%;15.8%;21.7%",TRUE,1,0,11.4991690897952,2894.64174671465
"200fmol","20231201_jcl_6mix_200pmol_200ngHeLa_optDIA_60min_Wat25cmBEH_4",8161,4,"jlb20230123_HomoSapiens_UniprotRefProteome_UP000005640","NUDT4B;NUDT4","Homo sapiens","A0A024RBG1;Q9NZJ9","Diphosphoinositol polyphosphate phosphohydrolase NUDT4B;Diphosphoinositol polyphosphate phosphohydrolase 2","NUD4B_HUMAN;NUDT4_HUMAN","29.8%;30%",FALSE,4,0,10.4592969624474,1407.86858825867
"200fmol","20231201_jcl_6mix_200pmol_200ngHeLa_optDIA_60min_Wat25cmBEH_4",8161,4,"jlb20230123_HomoSapiens_UniprotRefProteome_UP000005640","NOSIP","Homo sapiens","A0A075B6F9","Nitric oxide synthase-interacting protein","A0A075B6F9_HUMAN","7.90%",TRUE,1,0,6.95705569642348,124.246008656824
"200fmol","20231201_jcl_6mix_200pmol_200ngHeLa_optDIA_60min_Wat25cmBEH_4",8161,4,"jlb20230123_HomoSapiens_UniprotRefProteome_UP000005640","PPIAL4E;PPIAL4F;PPIAL4D;PPIAL4F","Homo sapiens","A0A075B759;A0A0H2UH34;F5H284;P0DN26","Peptidyl-prolyl cis-trans isomerase A-like 4E;Peptidyl-prolyl cis-trans isomerase;Peptidyl-prolyl cis-trans isomerase A-like 4D;Peptidyl-prolyl cis-trans isomerase A-like 4F","PAL4E_HUMAN;A0A0H2UH34_HUMAN;PAL4D_HUMAN;PAL4F_HUMAN","0%;0%;0%;0%",TRUE,0,0.738363141,NA,NA
"200fmol","20231201_jcl_6mix_200pmol_200ngHeLa_optDIA_60min_Wat25cmBEH_4",8161,4,"jlb20230123_HomoSapiens_UniprotRefProteome_UP000005640","IKBKE","Homo sapiens","A0A075B7B4;Q14164","Inhibitor of nuclear factor kappa-B kinase subunit epsilon","A0A075B7B4_HUMAN;IKKE_HUMAN","0%;0%",TRUE,0,0.321037601,NA,NA
"200fmol","20231201_jcl_6mix_200pmol_200ngHeLa_optDIA_60min_Wat25cmBEH_4",8161,4,"jlb20230123_HomoSapiens_UniprotRefProteome_UP000005640","PSG7;PSG7;PSG6;PSG5;PSG5;PSG6;PSG5;PSG6;PSG7;PSG5","Homo sapiens","A0A087WT09;A0A096LNM5;B5MCE1;E7EQY3;E9PC55;M0QZA7;M0R1G9;Q00889;Q13046;Q15238","Putative pregnancy-specific beta-1-glycoprotein 7;Putative pregnancy-specific beta-1-glycoprotein 7;Pregnancy-specific beta-1-glycoprotein 6;Pregnancy-specific beta-1-glycoprotein 5;Pregnancy-specific beta-1-glycoprotein 5;Pregnancy-specific beta-1-glycoprotein 6 (Fragment);Pregnancy-specific beta-1-glycoprotein 5;Pregnancy-specific beta-1-glycoprotein 6;Pregnancy-specific beta-1-glycoprotein 7;Pregnancy-specific beta-1-glycoprotein 5","A0A087WT09_HUMAN;A0A096LNM5_HUMAN;B5MCE1_HUMAN;E7EQY3_HUMAN;E9PC55_HUMAN;M0QZA7_HUMAN;M0R1G9_HUMAN;PSG6_HUMAN;PSG7_HUMAN;PSG5_HUMAN","0%;0%;0%;0%;0%;0%;0%;0%;0%;0%",TRUE,0,0.652998341,NA,NA
"200fmol","20231201_jcl_6mix_200pmol_200ngHeLa_optDIA_60min_Wat25cmBEH_4",8161,4,"jlb20230123_HomoSapiens_UniprotRefProteome_UP000005640","HTD2","Homo sapiens","A0A087WTC8;P86397","Hydroxyacyl-thioester dehydratase type 2, mitochondrial (Fragment);Hydroxyacyl-thioester dehydratase type 2, mitochondrial","A0A087WTC8_HUMAN;HTD2_HUMAN","36.8%;16.7%",TRUE,1,0,9.41757987661513,683.870750954117
"200fmol","20231201_jcl_6mix_200pmol_200ngHeLa_optDIA_60min_Wat25cmBEH_4",8161,4,"jlb20230123_HomoSapiens_UniprotRefProteome_UP000005640","BCL2L13","Homo sapiens","A0A087WTL4","Bcl-2-like protein 13","A0A087WTL4_HUMAN","2.80%",TRUE,1,0,11.656410008164,3227.96676216461
"200fmol","20231201_jcl_6mix_200pmol_200ngHeLa_optDIA_60min_Wat25cmBEH_4",8161,4,"jlb20230123_HomoSapiens_UniprotRefProteome_UP000005640","KCNIP1","Homo sapiens","A0A087WTU8;A0A0A0MS16;A0A1B0GTZ7;Q9NZI2","Kv channel-interacting protein 1","A0A087WTU8_HUMAN;A0A0A0MS16_HUMAN;A0A1B0GTZ7_HUMAN;KCIP1_HUMAN","0%;0%;0%;0%",TRUE,0,0.031887909,NA,NA
"200fmol","20231201_jcl_6mix_200pmol_200ngHeLa_optDIA_60min_Wat25cmBEH_4",8161,4,"jlb20230123_HomoSapiens_UniprotRefProteome_UP000005640","ALMS1","Homo sapiens","A0A087WTU9;A0A087WV20;A0A804HIB7;A0A804HJA5;A0A804HJW3;A0A804HKC0;A0A804HKP4;A0A804HL70;Q8TCU4","Centrosome-associated protein ALMS1;Centrosome-associated protein ALMS1;Centrosome-associated protein ALMS1 (Fragment);Centrosome-associated protein ALMS1 (Fragment);Centrosome-associated protein ALMS1 (Fragment);Centrosome-associated protein ALMS1 (Fragment);Centrosome-associated protein ALMS1 (Fragment);Centrosome-associated protein ALMS1 (Fragment);Centrosome-associated protein ALMS1","A0A087WTU9_HUMAN;A0A087WV20_HUMAN;A0A804HIB7_HUMAN;A0A804HJA5_HUMAN;A0A804HJW3_HUMAN;A0A804HKC0_HUMAN;A0A804HKP4_HUMAN;A0A804HL70_HUMAN;ALMS1_HUMAN","0%;0%;0%;0%;0%;0%;0%;0%;0%",TRUE,0,0.124715739,NA,NA
"200fmol","20231201_jcl_6mix_200pmol_200ngHeLa_optDIA_60min_Wat25cmBEH_4",8161,4,"jlb20230123_HomoSapiens_UniprotRefProteome_UP000005640","HNRNPDL","Homo sapiens","A0A087WU03","Heterogeneous nuclear ribonucleoprotein D-like","A0A087WU03_HUMAN","31.60%",TRUE,1,0,12.8368331345358,7315.96843161036
"200fmol","20231201_jcl_6mix_200pmol_200ngHeLa_optDIA_60min_Wat25cmBEH_4",8161,4,"jlb20230123_HomoSapiens_UniprotRefProteome_UP000005640","PTBP1","Homo sapiens","A0A087WU68","Polypyrimidine tract-binding protein 1 (Fragment)","A0A087WU68_HUMAN","22.90%",TRUE,1,0,8.49220804020224,360.088581100313
"200fmol","20231201_jcl_6mix_200pmol_200ngHeLa_optDIA_60min_Wat25cmBEH_4",8161,4,"jlb20230123_HomoSapiens_UniprotRefProteome_UP000005640","NBDY","Homo sapiens","A0A0U1RRE5","Negative regulator of P-body association","NBDY_HUMAN","39.70%",FALSE,1,0,9.86441565983394,932.148281623882
"200fmol","20231201_jcl_6mix_200pmol_200ngHeLa_optDIA_60min_Wat25cmBEH_4",8161,4,"jlb20230123_HomoSapiens_UniprotRefProteome_UP000005640","AHRR","Homo sapiens","A0A7I2PK40;A9YTQ3;D6RE68","Aryl hydrocarbon receptor repressor","A0A7I2PK40_HUMAN;AHRR_HUMAN;D6RE68_HUMAN","4.3%;4.3%;5.4%",FALSE,2,0,9.56909252033347,759.598117750204
"200fmol","20231201_jcl_6mix_200pmol_200ngHeLa_optDIA_60min_Wat25cmBEH_4",8161,4,"jlb20230123_HomoSapiens_UniprotRefProteome_UP000005640","PIP5K1C","Homo sapiens","A0A7P0T808;O60331","Phosphatidylinositol 4-phosphate 5-kinase type-1 gamma","A0A7P0T808_HUMAN;PI51C_HUMAN","4.3%;4.5%",FALSE,2,0,8.40366857017764,338.654080797028
"200fmol","20231201_jcl_6mix_200pmol_200ngHeLa_optDIA_60min_Wat25cmBEH_4",8161,4,"jlb20230123_HomoSapiens_UniprotRefProteome_UP000005640","MYLK","Homo sapiens","A0A8I5KU53;Q15746","Myosin light chain kinase, smooth muscle;Myosin light chain kinase, smooth muscle","A0A8I5KU53_HUMAN;MYLK_HUMAN","1.9%;1.9%",FALSE,2,0.000374719,11.227619348967,2398.00566060391
"200fmol","20231201_jcl_6mix_200pmol_200ngHeLa_optDIA_60min_Wat25cmBEH_4",8161,4,"jlb20230123_HomoSapiens_UniprotRefProteome_UP000005640","ZNF840P","Homo sapiens","A6NDX5","Putative zinc finger protein 840","ZN840_HUMAN","3.10%",FALSE,2,0,8.60464112067435,389.27371453748
"200fmol","20231201_jcl_6mix_200pmol_200ngHeLa_optDIA_60min_Wat25cmBEH_4",8161,4,"jlb20230123_HomoSapiens_UniprotRefProteome_UP000005640","CCDC85C","Homo sapiens","A6NKD9","Coiled-coil domain-containing protein 85C","CC85C_HUMAN","10.50%",FALSE,2,0,8.22707578819345,299.637792488218
"200fmol","20231201_jcl_6mix_200pmol_200ngHeLa_optDIA_60min_Wat25cmBEH_4",8161,4,"jlb20230123_HomoSapiens_UniprotRefProteome_UP000005640","TMCO5B","Homo sapiens","A8MYB1","Transmembrane and coiled-coil domain-containing protein 5B","TMC5B_HUMAN","4.60%",FALSE,2,0,9.09928574330056,548.476403139589
"200fmol","20231201_jcl_6mix_200pmol_200ngHeLa_optDIA_60min_Wat25cmBEH_4",8161,4,"jlb20230123_HomoSapiens_UniprotRefProteome_UP000005640","AZGP1","Homo sapiens","C9JEV0;P25311","Zinc-alpha-2-glycoprotein","C9JEV0_HUMAN;ZA2G_HUMAN","16.3%;12.4%",FALSE,2,0,6.6113511738874,97.7721161914073
"200fmol","20231201_jcl_6mix_200pmol_200ngHeLa_optDIA_60min_Wat25cmBEH_4",8161,4,"jlb20230123_HomoSapiens_UniprotRefProteome_UP000005640","USP4","Homo sapiens","C9JNU9","Ubiquitin carboxyl-terminal hydrolase 4","C9JNU9_HUMAN","9.90%",FALSE,2,0.000252048,8.40937108551889,339.995321836026
"200fmol","20231201_jcl_6mix_200pmol_200ngHeLa_optDIA_60min_Wat25cmBEH_4",8161,4,"20230525_jclcleaned_MQcontaminants","ALB","","CON__P02769","Bovine serum albumin","ALBU_BOVIN","70.50%",FALSE,49,0,16.8115218748535,115019.733522984
"200fmol","20231201_jcl_6mix_200pmol_200ngHeLa_optDIA_60min_Wat25cmBEH_4",8161,4,"20230525_jclcleaned_MQcontaminants","CYCS","","CON__P62894","Cytochrome c","CYC_BOVIN","59%",FALSE,9,0,14.2225561851312,19116.8365417474
"200fmol","20231201_jcl_6mix_200pmol_200ngHeLa_optDIA_60min_Wat25cmBEH_4",8161,4,"20230525_jclcleaned_MQcontaminants","TF","","CON__Q0IIK2","Serotransferrin (UP merge to Q29443)","TRFE_BOVIN","76.60%",FALSE,56,0,14.0539146232615,17007.8672762454
"200fmol","20231201_jcl_6mix_200pmol_200ngHeLa_optDIA_60min_Wat25cmBEH_4",8161,4,"20230525_jclcleaned_MQcontaminants","KRT16","","CON__Q3ZAW8;CON__Q9Z2K1","Keratin intermediate filament 16a;Keratin, type I cytoskeletal 16","KRT16_MOUSE","3.4%;3.4%",FALSE,1,0,9.81795958211288,902.610394221054
"200fmol","20231201_jcl_6mix_200pmol_200ngHeLa_optDIA_60min_Wat25cmBEH_4",8161,4,"jlb20230123_HomoSapiens_UniprotRefProteome_UP000005640","BRDT","Homo sapiens","F8W0H2","Bromodomain testis-specific protein (Fragment)","F8W0H2_HUMAN","41.30%",FALSE,2,0,9.13640644642125,562.771885210156
"200fmol","20231201_jcl_6mix_200pmol_200ngHeLa_optDIA_60min_Wat25cmBEH_4",8161,4,"jlb20230123_HomoSapiens_UniprotRefProteome_UP000005640","BMAL2","Homo sapiens","H0Y5R1;Q8WYA1","Basic helix-loop-helix ARNT-like 2 (Fragment);Basic helix-loop-helix ARNT-like protein 2","H0Y5R1_HUMAN;BMAL2_HUMAN","3.7%;3.5%",FALSE,1,0,9.64169524672191,798.802615708317
"200fmol","20231201_jcl_6mix_200pmol_200ngHeLa_optDIA_60min_Wat25cmBEH_4",8161,4,"jlb20230123_HomoSapiens_UniprotRefProteome_UP000005640","DEF6","Homo sapiens","H0Y7V7;Q9H4E7","Differentially-expressed in FDCP 6 homolog;Differentially expressed in FDCP 6 homolog","H0Y7V7_HUMAN;DEFI6_HUMAN","3.4%;3.2%",FALSE,2,0.001485516,9.7705829280044,873.450980030794
"200fmol","20231201_jcl_6mix_200pmol_200ngHeLa_optDIA_60min_Wat25cmBEH_4",8161,4,"jlb20230123_HomoSapiens_UniprotRefProteome_UP000005640","MYOF","Homo sapiens","H0YD14","Myoferlin (Fragment)","H0YD14_HUMAN","2%",FALSE,2,0,10.3800537587801,1332.6237162676
"200fmol","20231201_jcl_6mix_200pmol_200ngHeLa_optDIA_60min_Wat25cmBEH_4",8161,4,"jlb20230123_HomoSapiens_UniprotRefProteome_UP000005640","ATXN2L","Homo sapiens","H3BUF6","Ataxin-2-like protein","H3BUF6_HUMAN","4.30%",FALSE,2,0,8.37630449922505,332.291251250615
"200fmol","20231201_jcl_6mix_200pmol_200ngHeLa_optDIA_60min_Wat25cmBEH_4",8161,4,"jlb20230123_HomoSapiens_UniprotRefProteome_UP000005640",";TATDN2","Homo sapiens","H7C1W4;Q93075","Deoxyribonuclease TATDN2 (Fragment);Putative deoxyribonuclease TATDN2","H7C1W4_HUMAN;TATD2_HUMAN","5.9%;5.1%",FALSE,2,0.000374719,6.62784033132769,98.8960045437138
"200fmol","20231201_jcl_6mix_200pmol_200ngHeLa_optDIA_60min_Wat25cmBEH_4",8161,4,"jlb20230123_HomoSapiens_UniprotRefProteome_UP000005640","FARP2","Homo sapiens","H7C3M7","FERM, ARHGEF and pleckstrin domain-containing protein 2 (Fragment)","H7C3M7_HUMAN","6.20%",FALSE,2,0.00356967,10.0859901985794,1086.88998179694
"200fmol","20231201_jcl_6mix_200pmol_200ngHeLa_optDIA_60min_Wat25cmBEH_4",8161,4,"jlb20230123_HomoSapiens_UniprotRefProteome_UP000005640","TECPR2","Homo sapiens","O15040","Tectonin beta-propeller repeat-containing protein 2","TCPR2_HUMAN","0.70%",FALSE,1,0,9.76559973554993,870.439209854351
"200fmol","20231201_jcl_6mix_200pmol_200ngHeLa_optDIA_60min_Wat25cmBEH_4",8161,4,"jlb20230123_HomoSapiens_UniprotRefProteome_UP000005640","TLR3","Homo sapiens","O15455","Toll-like receptor 3","TLR3_HUMAN","2.70%",FALSE,2,0,7.29939834005309,157.52077891641
"200fmol","20231201_jcl_6mix_200pmol_200ngHeLa_optDIA_60min_Wat25cmBEH_4",8161,4,"jlb20230123_HomoSapiens_UniprotRefProteome_UP000005640","LRIG2","Homo sapiens","O94898","Leucine-rich repeats and immunoglobulin-like domains protein 2","LRIG2_HUMAN","1.40%",FALSE,1,0.003812569,8.9833901535129,506.139112189151
"200fmol","20231201_jcl_6mix_200pmol_200ngHeLa_optDIA_60min_Wat25cmBEH_4",8161,4,"jlb20230123_HomoSapiens_UniprotRefProteome_UP000005640","RAB3D","Homo sapiens","O95716","Ras-related protein Rab-3D","RAB3D_HUMAN","40.60%",FALSE,7,0,10.2100797659142,1184.5141897278
"200fmol","20231201_jcl_6mix_200pmol_200ngHeLa_optDIA_60min_Wat25cmBEH_4",8161,4,"jlb20230503_Pierce88342_6Mix_Uniprotsequences","ADH1","Saccharomyces cerevisiae (strain ATCC 204508 / S288c)","P00330","Alcohol dehydrogenase 1","ADH1_YEAST","43.60%",FALSE,17,0,15.9495089559102,63282.0605355959
"200fmol","20231201_jcl_6mix_200pmol_200ngHeLa_optDIA_60min_Wat25cmBEH_4",8161,4,"jlb20230503_Pierce88342_6Mix_Uniprotsequences","LYZ","Gallus gallus","P00698","Lysozyme C","LYSC_CHICK","33.30%",FALSE,6,0,14.4796815555019,22846.4368038885
"200fmol","20231201_jcl_6mix_200pmol_200ngHeLa_optDIA_60min_Wat25cmBEH_4",8161,4,"jlb20230503_Pierce88342_6Mix_Uniprotsequences","lacZ","Escherichia coli (strain K12)","P00722","Beta-galactosidase","BGAL_ECOLI","46.70%",FALSE,40,0,15.3739219057177,42463.0949304654
"200fmol","20231201_jcl_6mix_200pmol_200ngHeLa_optDIA_60min_Wat25cmBEH_4",8161,4,"jlb20230123_HomoSapiens_UniprotRefProteome_UP000005640","CSTA","Homo sapiens","P01040","Cystatin-A","CYTA_HUMAN","42.90%",FALSE,3,0,9.09669990117306,547.494211426644
"200fmol","20231201_jcl_6mix_200pmol_200ngHeLa_optDIA_60min_Wat25cmBEH_4",8161,4,"jlb20230123_HomoSapiens_UniprotRefProteome_UP000005640","PRKCB","Homo sapiens","P05771","Protein kinase C beta type","KPCB_HUMAN","3.90%",FALSE,2,0,10.174299303564,1155.49820519097
"200fmol","20231201_jcl_6mix_200pmol_200ngHeLa_optDIA_60min_Wat25cmBEH_4",8161,4,"jlb20230123_HomoSapiens_UniprotRefProteome_UP000005640","LPL","Homo sapiens","P06858","Lipoprotein lipase","LIPL_HUMAN","7.60%",FALSE,2,0,8.27490080040273,309.737188603247
"200fmol","20231201_jcl_6mix_200pmol_200ngHeLa_optDIA_60min_Wat25cmBEH_4",8161,4,"jlb20230123_HomoSapiens_UniprotRefProteome_UP000005640","PIP","Homo sapiens","P12273","Prolactin-inducible protein","PIP_HUMAN","10.30%",FALSE,1,0,6.68395301354855,102.818282890415
"200fmol","20231201_jcl_6mix_200pmol_200ngHeLa_optDIA_60min_Wat25cmBEH_4",8161,4,"jlb20230123_HomoSapiens_UniprotRefProteome_UP000005640","C6","Homo sapiens","P13671","Complement component C6","CO6_HUMAN","4.50%",FALSE,2,0,6.76707713720967,108.916380701142
"200fmol","20231201_jcl_6mix_200pmol_200ngHeLa_optDIA_60min_Wat25cmBEH_4",8161,4,"jlb20230123_HomoSapiens_UniprotRefProteome_UP000005640","GLB1","Homo sapiens","P16278","Beta-galactosidase","BGAL_HUMAN","28.10%",FALSE,15,0,11.9761766589691,4028.91780867809
"200fmol","20231201_jcl_6mix_200pmol_200ngHeLa_optDIA_60min_Wat25cmBEH_4",8161,4,"jlb20230123_HomoSapiens_UniprotRefProteome_UP000005640","TARS1","Homo sapiens","P26639","Threonine--tRNA ligase 1, cytoplasmic","SYTC_HUMAN","62.80%",FALSE,42,0,14.9060154915858,30701.3716391089
"200fmol","20231201_jcl_6mix_200pmol_200ngHeLa_optDIA_60min_Wat25cmBEH_4",8161,4,"jlb20230123_HomoSapiens_UniprotRefProteome_UP000005640","CASP14","Homo sapiens","P31944","Caspase-14","CASPE_HUMAN","15.70%",FALSE,2,0,5.81639701765567,56.3520823580296
"200fmol","20231201_jcl_6mix_200pmol_200ngHeLa_optDIA_60min_Wat25cmBEH_4",8161,4,"jlb20230123_HomoSapiens_UniprotRefProteome_UP000005640","DCAF6","Homo sapiens","Q58WW2","DDB1- and CUL4-associated factor 6","DCAF6_HUMAN","4.10%",FALSE,2,0,7.81667465703953,225.451712302461
"200fmol","20231201_jcl_6mix_200pmol_200ngHeLa_optDIA_60min_Wat25cmBEH_4",8161,4,"jlb20230123_HomoSapiens_UniprotRefProteome_UP000005640","DALRD3","Homo sapiens","Q5D0E6","DALR anticodon-binding domain-containing protein 3","DALD3_HUMAN","7%",FALSE,2,0,9.7810579288019,879.815939769495
"200fmol","20231201_jcl_6mix_200pmol_200ngHeLa_optDIA_60min_Wat25cmBEH_4",8161,4,"jlb20230123_HomoSapiens_UniprotRefProteome_UP000005640","HGSNAT","Homo sapiens","Q68CP4","Heparan-alpha-glucosaminide N-acetyltransferase","HGNAT_HUMAN","3.80%",FALSE,2,0,10.7940561566377,1775.5572419703
"200fmol","20231201_jcl_6mix_200pmol_200ngHeLa_optDIA_60min_Wat25cmBEH_4",8161,4,"jlb20230123_HomoSapiens_UniprotRefProteome_UP000005640","RFFL","Homo sapiens","Q8WZ73","E3 ubiquitin-protein ligase rififylin","RFFL_HUMAN","10.20%",FALSE,2,0,7.06462135357562,133.863734114534
"200fmol","20231201_jcl_6mix_200pmol_200ngHeLa_optDIA_60min_Wat25cmBEH_4",8161,4,"jlb20230123_HomoSapiens_UniprotRefProteome_UP000005640","RNF185","Homo sapiens","Q96GF1","E3 ubiquitin-protein ligase RNF185","RN185_HUMAN","7.30%",FALSE,2,0,9.22770256056867,599.535994123122
"200fmol","20231201_jcl_6mix_200pmol_200ngHeLa_optDIA_60min_Wat25cmBEH_4",8161,4,"jlb20230123_HomoSapiens_UniprotRefProteome_UP000005640","ZNF462","Homo sapiens","Q96JM2","Zinc finger protein 462","ZN462_HUMAN","2%",FALSE,3,0.000374719,8.89132297966083,474.848333332037
"200fmol","20231201_jcl_6mix_200pmol_200ngHeLa_optDIA_60min_Wat25cmBEH_4",8161,4,"jlb20230123_HomoSapiens_UniprotRefProteome_UP000005640","ALKBH7","Homo sapiens","Q9BT30","Alpha-ketoglutarate-dependent dioxygenase alkB homolog 7, mitochondrial","ALKB7_HUMAN","14%",FALSE,2,0,7.69933635240443,207.840983486561
"200fmol","20231201_jcl_6mix_200pmol_200ngHeLa_optDIA_60min_Wat25cmBEH_4",8161,4,"jlb20230123_HomoSapiens_UniprotRefProteome_UP000005640","POLK","Homo sapiens","Q9UBT6","DNA polymerase kappa","POLK_HUMAN","4.10%",FALSE,2,0,7.40281078857412,169.226393730016
"200fmol","20231201_jcl_6mix_200pmol_200ngHeLa_optDIA_60min_Wat25cmBEH_4",8161,4,"jlb20230123_HomoSapiens_UniprotRefProteome_UP000005640","ACAD8","Homo sapiens","Q9UKU7","Isobutyryl-CoA dehydrogenase, mitochondrial","ACAD8_HUMAN","5.50%",FALSE,2,0,8.68407851459455,411.308910053872
"50fmol","20231201_jcl_6mix_50pmol_200ngHeLa_optDIA_60min_Wat25cmBEH_1",8167,1,"jlb20230123_HomoSapiens_UniprotRefProteome_UP000005640","ELOF1","Homo sapiens","A0A024R7E8;K7EMV4;K7EN05;K7EPC8;K7EQ44;P60002","Transcription elongation factor 1 homolog","A0A024R7E8_HUMAN;K7EMV4_HUMAN;K7EN05_HUMAN;K7EPC8_HUMAN;K7EQ44_HUMAN;ELOF1_HUMAN","17.3%;15%;23.7%;20%;15.8%;21.7%",TRUE,1,0,11.0977266934333,2191.53604678813
"50fmol","20231201_jcl_6mix_50pmol_200ngHeLa_optDIA_60min_Wat25cmBEH_1",8167,1,"jlb20230123_HomoSapiens_UniprotRefProteome_UP000005640","NUDT4B;NUDT4","Homo sapiens","A0A024RBG1;Q9NZJ9","Diphosphoinositol polyphosphate phosphohydrolase NUDT4B;Diphosphoinositol polyphosphate phosphohydrolase 2","NUD4B_HUMAN;NUDT4_HUMAN","29.8%;30%",FALSE,4,0,10.2955062513915,1256.77114878788
"50fmol","20231201_jcl_6mix_50pmol_200ngHeLa_optDIA_60min_Wat25cmBEH_1",8167,1,"jlb20230123_HomoSapiens_UniprotRefProteome_UP000005640","NOSIP","Homo sapiens","A0A075B6F9","Nitric oxide synthase-interacting protein","A0A075B6F9_HUMAN","7.90%",TRUE,1,0,6.52025659499479,91.7894599199707
"50fmol","20231201_jcl_6mix_50pmol_200ngHeLa_optDIA_60min_Wat25cmBEH_1",8167,1,"jlb20230123_HomoSapiens_UniprotRefProteome_UP000005640","PPIAL4E;PPIAL4F;PPIAL4D;PPIAL4F","Homo sapiens","A0A075B759;A0A0H2UH34;F5H284;P0DN26","Peptidyl-prolyl cis-trans isomerase A-like 4E;Peptidyl-prolyl cis-trans isomerase;Peptidyl-prolyl cis-trans isomerase A-like 4D;Peptidyl-prolyl cis-trans isomerase A-like 4F","PAL4E_HUMAN;A0A0H2UH34_HUMAN;PAL4D_HUMAN;PAL4F_HUMAN","0%;0%;0%;0%",TRUE,0,0.738363141,NA,NA
"50fmol","20231201_jcl_6mix_50pmol_200ngHeLa_optDIA_60min_Wat25cmBEH_1",8167,1,"jlb20230123_HomoSapiens_UniprotRefProteome_UP000005640","IKBKE","Homo sapiens","A0A075B7B4;Q14164","Inhibitor of nuclear factor kappa-B kinase subunit epsilon","A0A075B7B4_HUMAN;IKKE_HUMAN","0%;0%",TRUE,0,0.321037601,NA,NA
"50fmol","20231201_jcl_6mix_50pmol_200ngHeLa_optDIA_60min_Wat25cmBEH_1",8167,1,"jlb20230123_HomoSapiens_UniprotRefProteome_UP000005640","PSG7;PSG7;PSG6;PSG5;PSG5;PSG6;PSG5;PSG6;PSG7;PSG5","Homo sapiens","A0A087WT09;A0A096LNM5;B5MCE1;E7EQY3;E9PC55;M0QZA7;M0R1G9;Q00889;Q13046;Q15238","Putative pregnancy-specific beta-1-glycoprotein 7;Putative pregnancy-specific beta-1-glycoprotein 7;Pregnancy-specific beta-1-glycoprotein 6;Pregnancy-specific beta-1-glycoprotein 5;Pregnancy-specific beta-1-glycoprotein 5;Pregnancy-specific beta-1-glycoprotein 6 (Fragment);Pregnancy-specific beta-1-glycoprotein 5;Pregnancy-specific beta-1-glycoprotein 6;Pregnancy-specific beta-1-glycoprotein 7;Pregnancy-specific beta-1-glycoprotein 5","A0A087WT09_HUMAN;A0A096LNM5_HUMAN;B5MCE1_HUMAN;E7EQY3_HUMAN;E9PC55_HUMAN;M0QZA7_HUMAN;M0R1G9_HUMAN;PSG6_HUMAN;PSG7_HUMAN;PSG5_HUMAN","0%;0%;0%;0%;0%;0%;0%;0%;0%;0%",TRUE,0,0.652998341,NA,NA
"50fmol","20231201_jcl_6mix_50pmol_200ngHeLa_optDIA_60min_Wat25cmBEH_1",8167,1,"jlb20230123_HomoSapiens_UniprotRefProteome_UP000005640","HTD2","Homo sapiens","A0A087WTC8;P86397","Hydroxyacyl-thioester dehydratase type 2, mitochondrial (Fragment);Hydroxyacyl-thioester dehydratase type 2, mitochondrial","A0A087WTC8_HUMAN;HTD2_HUMAN","36.8%;16.7%",TRUE,1,0,9.47700028318819,712.625492499547
"50fmol","20231201_jcl_6mix_50pmol_200ngHeLa_optDIA_60min_Wat25cmBEH_1",8167,1,"jlb20230123_HomoSapiens_UniprotRefProteome_UP000005640","BCL2L13","Homo sapiens","A0A087WTL4","Bcl-2-like protein 13","A0A087WTL4_HUMAN","2.80%",TRUE,1,0,11.120803038093,2226.87218313078
"50fmol","20231201_jcl_6mix_50pmol_200ngHeLa_optDIA_60min_Wat25cmBEH_1",8167,1,"jlb20230123_HomoSapiens_UniprotRefProteome_UP000005640","KCNIP1","Homo sapiens","A0A087WTU8;A0A0A0MS16;A0A1B0GTZ7;Q9NZI2","Kv channel-interacting protein 1","A0A087WTU8_HUMAN;A0A0A0MS16_HUMAN;A0A1B0GTZ7_HUMAN;KCIP1_HUMAN","0%;0%;0%;0%",TRUE,0,0.031887909,NA,NA
"50fmol","20231201_jcl_6mix_50pmol_200ngHeLa_optDIA_60min_Wat25cmBEH_1",8167,1,"jlb20230123_HomoSapiens_UniprotRefProteome_UP000005640","ALMS1","Homo sapiens","A0A087WTU9;A0A087WV20;A0A804HIB7;A0A804HJA5;A0A804HJW3;A0A804HKC0;A0A804HKP4;A0A804HL70;Q8TCU4","Centrosome-associated protein ALMS1;Centrosome-associated protein ALMS1;Centrosome-associated protein ALMS1 (Fragment);Centrosome-associated protein ALMS1 (Fragment);Centrosome-associated protein ALMS1 (Fragment);Centrosome-associated protein ALMS1 (Fragment);Centrosome-associated protein ALMS1 (Fragment);Centrosome-associated protein ALMS1 (Fragment);Centrosome-associated protein ALMS1","A0A087WTU9_HUMAN;A0A087WV20_HUMAN;A0A804HIB7_HUMAN;A0A804HJA5_HUMAN;A0A804HJW3_HUMAN;A0A804HKC0_HUMAN;A0A804HKP4_HUMAN;A0A804HL70_HUMAN;ALMS1_HUMAN","0%;0%;0%;0%;0%;0%;0%;0%;0%",TRUE,0,0.124715739,NA,NA
"50fmol","20231201_jcl_6mix_50pmol_200ngHeLa_optDIA_60min_Wat25cmBEH_1",8167,1,"jlb20230123_HomoSapiens_UniprotRefProteome_UP000005640","HNRNPDL","Homo sapiens","A0A087WU03","Heterogeneous nuclear ribonucleoprotein D-like","A0A087WU03_HUMAN","31.60%",TRUE,1,0,12.8670953075509,7471.05002933936
"50fmol","20231201_jcl_6mix_50pmol_200ngHeLa_optDIA_60min_Wat25cmBEH_1",8167,1,"jlb20230123_HomoSapiens_UniprotRefProteome_UP000005640","PTBP1","Homo sapiens","A0A087WU68","Polypyrimidine tract-binding protein 1 (Fragment)","A0A087WU68_HUMAN","22.90%",TRUE,1,0,9.6218555745922,787.892818349388
"50fmol","20231201_jcl_6mix_50pmol_200ngHeLa_optDIA_60min_Wat25cmBEH_1",8167,1,"jlb20230123_HomoSapiens_UniprotRefProteome_UP000005640","NBDY","Homo sapiens","A0A0U1RRE5","Negative regulator of P-body association","NBDY_HUMAN","39.70%",FALSE,1,0,9.80179696608808,892.554817079838
"50fmol","20231201_jcl_6mix_50pmol_200ngHeLa_optDIA_60min_Wat25cmBEH_1",8167,1,"jlb20230123_HomoSapiens_UniprotRefProteome_UP000005640","AHRR","Homo sapiens","A0A7I2PK40;A9YTQ3;D6RE68","Aryl hydrocarbon receptor repressor","A0A7I2PK40_HUMAN;AHRR_HUMAN;D6RE68_HUMAN","2.6%;2.6%;3.2%",FALSE,1,0,10.5587325040107,1508.32593946484
"50fmol","20231201_jcl_6mix_50pmol_200ngHeLa_optDIA_60min_Wat25cmBEH_1",8167,1,"jlb20230123_HomoSapiens_UniprotRefProteome_UP000005640","PIP5K1C","Homo sapiens","A0A7P0T808;O60331","Phosphatidylinositol 4-phosphate 5-kinase type-1 gamma","A0A7P0T808_HUMAN;PI51C_HUMAN","4.3%;4.5%",FALSE,2,0,9.20765963904085,591.264413993752
"50fmol","20231201_jcl_6mix_50pmol_200ngHeLa_optDIA_60min_Wat25cmBEH_1",8167,1,"jlb20230123_HomoSapiens_UniprotRefProteome_UP000005640","MYLK","Homo sapiens","A0A8I5KU53;Q15746","Myosin light chain kinase, smooth muscle;Myosin light chain kinase, smooth muscle","A0A8I5KU53_HUMAN;MYLK_HUMAN","1.9%;1.9%",FALSE,2,0.000374719,7.51294088319515,182.650372178791
"50fmol","20231201_jcl_6mix_50pmol_200ngHeLa_optDIA_60min_Wat25cmBEH_1",8167,1,"jlb20230123_HomoSapiens_UniprotRefProteome_UP000005640","ZNF840P","Homo sapiens","A6NDX5","Putative zinc finger protein 840","ZN840_HUMAN","3.10%",FALSE,2,0,7.88806397153439,236.888437378157
"50fmol","20231201_jcl_6mix_50pmol_200ngHeLa_optDIA_60min_Wat25cmBEH_1",8167,1,"jlb20230123_HomoSapiens_UniprotRefProteome_UP000005640","CCDC85C","Homo sapiens","A6NKD9","Coiled-coil domain-containing protein 85C","CC85C_HUMAN","10.50%",FALSE,2,0,8.44575961430393,348.679954043436
"50fmol","20231201_jcl_6mix_50pmol_200ngHeLa_optDIA_60min_Wat25cmBEH_1",8167,1,"jlb20230123_HomoSapiens_UniprotRefProteome_UP000005640","TMCO5B","Homo sapiens","A8MYB1","Transmembrane and coiled-coil domain-containing protein 5B","TMC5B_HUMAN","2.30%",FALSE,1,0,8.95539359631285,496.411798951886
"50fmol","20231201_jcl_6mix_50pmol_200ngHeLa_optDIA_60min_Wat25cmBEH_1",8167,1,"jlb20230123_HomoSapiens_UniprotRefProteome_UP000005640","AZGP1","Homo sapiens","C9JEV0;P25311","Zinc-alpha-2-glycoprotein","C9JEV0_HUMAN;ZA2G_HUMAN","16.3%;12.4%",FALSE,2,0,9.47734862762323,712.797579523569
"50fmol","20231201_jcl_6mix_50pmol_200ngHeLa_optDIA_60min_Wat25cmBEH_1",8167,1,"jlb20230123_HomoSapiens_UniprotRefProteome_UP000005640","USP4","Homo sapiens","C9JNU9","Ubiquitin carboxyl-terminal hydrolase 4","C9JNU9_HUMAN","9.90%",FALSE,2,0.000252048,7.59725928735783,193.643502968334
"50fmol","20231201_jcl_6mix_50pmol_200ngHeLa_optDIA_60min_Wat25cmBEH_1",8167,1,"20230525_jclcleaned_MQcontaminants","ALB","","CON__P02769","Bovine serum albumin","ALBU_BOVIN","70.50%",FALSE,50,0,17.0083263701377,131830.656086889
"50fmol","20231201_jcl_6mix_50pmol_200ngHeLa_optDIA_60min_Wat25cmBEH_1",8167,1,"20230525_jclcleaned_MQcontaminants","CYCS","","CON__P62894","Cytochrome c","CYC_BOVIN","59%",FALSE,9,0,13.0074370505487,8234.33855255481
"50fmol","20231201_jcl_6mix_50pmol_200ngHeLa_optDIA_60min_Wat25cmBEH_1",8167,1,"20230525_jclcleaned_MQcontaminants","TF","","CON__Q0IIK2","Serotransferrin (UP merge to Q29443)","TRFE_BOVIN","77.10%",FALSE,57,0,13.5320686234431,11845.6407949992
"50fmol","20231201_jcl_6mix_50pmol_200ngHeLa_optDIA_60min_Wat25cmBEH_1",8167,1,"20230525_jclcleaned_MQcontaminants","KRT16","","CON__Q3ZAW8;CON__Q9Z2K1","Keratin intermediate filament 16a;Keratin, type I cytoskeletal 16","KRT16_MOUSE","3.4%;3.4%",FALSE,1,0,11.2575763558599,2448.31989462215
"50fmol","20231201_jcl_6mix_50pmol_200ngHeLa_optDIA_60min_Wat25cmBEH_1",8167,1,"jlb20230123_HomoSapiens_UniprotRefProteome_UP000005640","BRDT","Homo sapiens","F8W0H2","Bromodomain testis-specific protein (Fragment)","F8W0H2_HUMAN","41.30%",FALSE,2,0,9.18197199923594,580.829935052504
"50fmol","20231201_jcl_6mix_50pmol_200ngHeLa_optDIA_60min_Wat25cmBEH_1",8167,1,"jlb20230123_HomoSapiens_UniprotRefProteome_UP000005640","BMAL2","Homo sapiens","H0Y5R1;Q8WYA1","Basic helix-loop-helix ARNT-like 2 (Fragment);Basic helix-loop-helix ARNT-like protein 2","H0Y5R1_HUMAN;BMAL2_HUMAN","3.7%;3.5%",FALSE,1,0,10.7533649112122,1726.17726601527
"50fmol","20231201_jcl_6mix_50pmol_200ngHeLa_optDIA_60min_Wat25cmBEH_1",8167,1,"jlb20230123_HomoSapiens_UniprotRefProteome_UP000005640","DEF6","Homo sapiens","H0Y7V7;Q9H4E7","Differentially-expressed in FDCP 6 homolog;Differentially expressed in FDCP 6 homolog","H0Y7V7_HUMAN;DEFI6_HUMAN","3.4%;3.2%",FALSE,2,0.001485516,9.83486390877076,913.248651934244
"50fmol","20231201_jcl_6mix_50pmol_200ngHeLa_optDIA_60min_Wat25cmBEH_1",8167,1,"jlb20230123_HomoSapiens_UniprotRefProteome_UP000005640","MYOF","Homo sapiens","H0YD14","Myoferlin (Fragment)","H0YD14_HUMAN","2%",FALSE,2,0,10.4308079270771,1380.33997377183
"50fmol","20231201_jcl_6mix_50pmol_200ngHeLa_optDIA_60min_Wat25cmBEH_1",8167,1,"jlb20230123_HomoSapiens_UniprotRefProteome_UP000005640","ATXN2L","Homo sapiens","H3BUF6","Ataxin-2-like protein","H3BUF6_HUMAN","4.30%",FALSE,2,0,8.14001804468428,282.091237932931
"50fmol","20231201_jcl_6mix_50pmol_200ngHeLa_optDIA_60min_Wat25cmBEH_1",8167,1,"jlb20230123_HomoSapiens_UniprotRefProteome_UP000005640",";TATDN2","Homo sapiens","H7C1W4;Q93075","Deoxyribonuclease TATDN2 (Fragment);Putative deoxyribonuclease TATDN2","H7C1W4_HUMAN;TATD2_HUMAN","5.9%;5.1%",FALSE,2,0.000374719,7.51500984069066,182.912497537345
"50fmol","20231201_jcl_6mix_50pmol_200ngHeLa_optDIA_60min_Wat25cmBEH_1",8167,1,"jlb20230123_HomoSapiens_UniprotRefProteome_UP000005640","FARP2","Homo sapiens","H7C3M7","FERM, ARHGEF and pleckstrin domain-containing protein 2 (Fragment)","H7C3M7_HUMAN","6.20%",FALSE,2,0.00356967,9.24375309329014,606.24330228075
"50fmol","20231201_jcl_6mix_50pmol_200ngHeLa_optDIA_60min_Wat25cmBEH_1",8167,1,"jlb20230123_HomoSapiens_UniprotRefProteome_UP000005640","TECPR2","Homo sapiens","O15040","Tectonin beta-propeller repeat-containing protein 2","TCPR2_HUMAN","1.60%",FALSE,2,0,13.7870867930487,14136.0045904892
"50fmol","20231201_jcl_6mix_50pmol_200ngHeLa_optDIA_60min_Wat25cmBEH_1",8167,1,"jlb20230123_HomoSapiens_UniprotRefProteome_UP000005640","TLR3","Homo sapiens","O15455","Toll-like receptor 3","TLR3_HUMAN","2.70%",FALSE,2,0,7.29843969337882,157.416143766962
"50fmol","20231201_jcl_6mix_50pmol_200ngHeLa_optDIA_60min_Wat25cmBEH_1",8167,1,"jlb20230123_HomoSapiens_UniprotRefProteome_UP000005640","LRIG2","Homo sapiens","O94898","Leucine-rich repeats and immunoglobulin-like domains protein 2","LRIG2_HUMAN","2.40%",FALSE,2,0.003812569,8.38265071307618,333.756173655499
"50fmol","20231201_jcl_6mix_50pmol_200ngHeLa_optDIA_60min_Wat25cmBEH_1",8167,1,"jlb20230123_HomoSapiens_UniprotRefProteome_UP000005640","RAB3D","Homo sapiens","O95716","Ras-related protein Rab-3D","RAB3D_HUMAN","40.60%",FALSE,7,0,10.2300508768127,1201.02534156859
"50fmol","20231201_jcl_6mix_50pmol_200ngHeLa_optDIA_60min_Wat25cmBEH_1",8167,1,"jlb20230503_Pierce88342_6Mix_Uniprotsequences","ADH1","Saccharomyces cerevisiae (strain ATCC 204508 / S288c)","P00330","Alcohol dehydrogenase 1","ADH1_YEAST","43.60%",FALSE,17,0,14.1049775697635,17620.626135229
"50fmol","20231201_jcl_6mix_50pmol_200ngHeLa_optDIA_60min_Wat25cmBEH_1",8167,1,"jlb20230503_Pierce88342_6Mix_Uniprotsequences","LYZ","Gallus gallus","P00698","Lysozyme C","LYSC_CHICK","33.30%",FALSE,6,0,12.9201141149357,7750.71728742259
"50fmol","20231201_jcl_6mix_50pmol_200ngHeLa_optDIA_60min_Wat25cmBEH_1",8167,1,"jlb20230503_Pierce88342_6Mix_Uniprotsequences","lacZ","Escherichia coli (strain K12)","P00722","Beta-galactosidase","BGAL_ECOLI","44.50%",FALSE,39,0,13.9783137056368,16139.5608724148
"50fmol","20231201_jcl_6mix_50pmol_200ngHeLa_optDIA_60min_Wat25cmBEH_1",8167,1,"jlb20230123_HomoSapiens_UniprotRefProteome_UP000005640","CSTA","Homo sapiens","P01040","Cystatin-A","CYTA_HUMAN","53.10%",FALSE,4,0,11.4605117781712,2818.10915552575
"50fmol","20231201_jcl_6mix_50pmol_200ngHeLa_optDIA_60min_Wat25cmBEH_1",8167,1,"jlb20230123_HomoSapiens_UniprotRefProteome_UP000005640","PRKCB","Homo sapiens","P05771","Protein kinase C beta type","KPCB_HUMAN","3.90%",FALSE,2,0,10.2427648402698,1211.65632982735
"50fmol","20231201_jcl_6mix_50pmol_200ngHeLa_optDIA_60min_Wat25cmBEH_1",8167,1,"jlb20230123_HomoSapiens_UniprotRefProteome_UP000005640","LPL","Homo sapiens","P06858","Lipoprotein lipase","LIPL_HUMAN","7.60%",FALSE,2,0,8.11735215017592,277.693991246253
"50fmol","20231201_jcl_6mix_50pmol_200ngHeLa_optDIA_60min_Wat25cmBEH_1",8167,1,"jlb20230123_HomoSapiens_UniprotRefProteome_UP000005640","PIP","Homo sapiens","P12273","Prolactin-inducible protein","PIP_HUMAN","21.20%",FALSE,2,0,9.78442048590735,881.868959717149
"50fmol","20231201_jcl_6mix_50pmol_200ngHeLa_optDIA_60min_Wat25cmBEH_1",8167,1,"jlb20230123_HomoSapiens_UniprotRefProteome_UP000005640","C6","Homo sapiens","P13671","Complement component C6","CO6_HUMAN","4.50%",FALSE,2,0,7.22213268336729,149.30645028165
"50fmol","20231201_jcl_6mix_50pmol_200ngHeLa_optDIA_60min_Wat25cmBEH_1",8167,1,"jlb20230123_HomoSapiens_UniprotRefProteome_UP000005640","GLB1","Homo sapiens","P16278","Beta-galactosidase","BGAL_HUMAN","28.10%",FALSE,16,0,11.9794667865195,4038.11641243179
"50fmol","20231201_jcl_6mix_50pmol_200ngHeLa_optDIA_60min_Wat25cmBEH_1",8167,1,"jlb20230123_HomoSapiens_UniprotRefProteome_UP000005640","TARS1","Homo sapiens","P26639","Threonine--tRNA ligase 1, cytoplasmic","SYTC_HUMAN","62.80%",FALSE,42,0,14.4904742618875,23017.9903802115
"50fmol","20231201_jcl_6mix_50pmol_200ngHeLa_optDIA_60min_Wat25cmBEH_1",8167,1,"jlb20230123_HomoSapiens_UniprotRefProteome_UP000005640","CASP14","Homo sapiens","P31944","Caspase-14","CASPE_HUMAN","40.10%",FALSE,7,0,9.60019046361803,776.149341998053
"50fmol","20231201_jcl_6mix_50pmol_200ngHeLa_optDIA_60min_Wat25cmBEH_1",8167,1,"jlb20230123_HomoSapiens_UniprotRefProteome_UP000005640","DCAF6","Homo sapiens","Q58WW2","DDB1- and CUL4-associated factor 6","DCAF6_HUMAN","4.10%",FALSE,2,0,6.99689602001832,127.724902128194
"50fmol","20231201_jcl_6mix_50pmol_200ngHeLa_optDIA_60min_Wat25cmBEH_1",8167,1,"jlb20230123_HomoSapiens_UniprotRefProteome_UP000005640","DALRD3","Homo sapiens","Q5D0E6","DALR anticodon-binding domain-containing protein 3","DALD3_HUMAN","3.70%",FALSE,1,0,9.29773322536274,629.356312425494
"50fmol","20231201_jcl_6mix_50pmol_200ngHeLa_optDIA_60min_Wat25cmBEH_1",8167,1,"jlb20230123_HomoSapiens_UniprotRefProteome_UP000005640","HGSNAT","Homo sapiens","Q68CP4","Heparan-alpha-glucosaminide N-acetyltransferase","HGNAT_HUMAN","3.80%",FALSE,2,0,8.87359986218017,469.050634772992
"50fmol","20231201_jcl_6mix_50pmol_200ngHeLa_optDIA_60min_Wat25cmBEH_1",8167,1,"jlb20230123_HomoSapiens_UniprotRefProteome_UP000005640","RFFL","Homo sapiens","Q8WZ73","E3 ubiquitin-protein ligase rififylin","RFFL_HUMAN","10.20%",FALSE,2,0,6.49294945794292,90.0684205909765
"50fmol","20231201_jcl_6mix_50pmol_200ngHeLa_optDIA_60min_Wat25cmBEH_1",8167,1,"jlb20230123_HomoSapiens_UniprotRefProteome_UP000005640","RNF185","Homo sapiens","Q96GF1","E3 ubiquitin-protein ligase RNF185","RN185_HUMAN","7.30%",FALSE,2,0,8.62512920850581,394.841331912601
"50fmol","20231201_jcl_6mix_50pmol_200ngHeLa_optDIA_60min_Wat25cmBEH_1",8167,1,"jlb20230123_HomoSapiens_UniprotRefProteome_UP000005640","ZNF462","Homo sapiens","Q96JM2","Zinc finger protein 462","ZN462_HUMAN","2%",FALSE,2,0.000374719,5.55527113114789,47.0222325009685
"50fmol","20231201_jcl_6mix_50pmol_200ngHeLa_optDIA_60min_Wat25cmBEH_1",8167,1,"jlb20230123_HomoSapiens_UniprotRefProteome_UP000005640","ALKBH7","Homo sapiens","Q9BT30","Alpha-ketoglutarate-dependent dioxygenase alkB homolog 7, mitochondrial","ALKB7_HUMAN","14%",FALSE,2,0,7.7410554383371,213.938962342943
"50fmol","20231201_jcl_6mix_50pmol_200ngHeLa_optDIA_60min_Wat25cmBEH_1",8167,1,"jlb20230123_HomoSapiens_UniprotRefProteome_UP000005640","POLK","Homo sapiens","Q9UBT6","DNA polymerase kappa","POLK_HUMAN","4.10%",FALSE,2,0,4.53562972860814,23.1931959687399
"50fmol","20231201_jcl_6mix_50pmol_200ngHeLa_optDIA_60min_Wat25cmBEH_1",8167,1,"jlb20230123_HomoSapiens_UniprotRefProteome_UP000005640","ACAD8","Homo sapiens","Q9UKU7","Isobutyryl-CoA dehydrogenase, mitochondrial","ACAD8_HUMAN","5.50%",FALSE,2,0,7.26161980922059,153.449465380173
"50fmol","20231201_jcl_6mix_50pmol_200ngHeLa_optDIA_60min_Wat25cmBEH_2",8168,2,"jlb20230123_HomoSapiens_UniprotRefProteome_UP000005640","ELOF1","Homo sapiens","A0A024R7E8;K7EMV4;K7EN05;K7EPC8;K7EQ44;P60002","Transcription elongation factor 1 homolog","A0A024R7E8_HUMAN;K7EMV4_HUMAN;K7EN05_HUMAN;K7EPC8_HUMAN;K7EQ44_HUMAN;ELOF1_HUMAN","17.3%;15%;23.7%;20%;15.8%;21.7%",TRUE,1,0,11.0419713066766,2108.45615601187
"50fmol","20231201_jcl_6mix_50pmol_200ngHeLa_optDIA_60min_Wat25cmBEH_2",8168,2,"jlb20230123_HomoSapiens_UniprotRefProteome_UP000005640","NUDT4B;NUDT4","Homo sapiens","A0A024RBG1;Q9NZJ9","Diphosphoinositol polyphosphate phosphohydrolase NUDT4B;Diphosphoinositol polyphosphate phosphohydrolase 2","NUD4B_HUMAN;NUDT4_HUMAN","29.8%;30%",FALSE,4,0,10.5236317188154,1472.0711815459
"50fmol","20231201_jcl_6mix_50pmol_200ngHeLa_optDIA_60min_Wat25cmBEH_2",8168,2,"jlb20230123_HomoSapiens_UniprotRefProteome_UP000005640","NOSIP","Homo sapiens","A0A075B6F9","Nitric oxide synthase-interacting protein","A0A075B6F9_HUMAN","7.90%",TRUE,1,0,6.32233024187948,80.022302872586
"50fmol","20231201_jcl_6mix_50pmol_200ngHeLa_optDIA_60min_Wat25cmBEH_2",8168,2,"jlb20230123_HomoSapiens_UniprotRefProteome_UP000005640","PPIAL4E;PPIAL4F;PPIAL4D;PPIAL4F","Homo sapiens","A0A075B759;A0A0H2UH34;F5H284;P0DN26","Peptidyl-prolyl cis-trans isomerase A-like 4E;Peptidyl-prolyl cis-trans isomerase;Peptidyl-prolyl cis-trans isomerase A-like 4D;Peptidyl-prolyl cis-trans isomerase A-like 4F","PAL4E_HUMAN;A0A0H2UH34_HUMAN;PAL4D_HUMAN;PAL4F_HUMAN","0%;0%;0%;0%",TRUE,0,0.738363141,NA,NA
"50fmol","20231201_jcl_6mix_50pmol_200ngHeLa_optDIA_60min_Wat25cmBEH_2",8168,2,"jlb20230123_HomoSapiens_UniprotRefProteome_UP000005640","IKBKE","Homo sapiens","A0A075B7B4;Q14164","Inhibitor of nuclear factor kappa-B kinase subunit epsilon","A0A075B7B4_HUMAN;IKKE_HUMAN","0%;0%",TRUE,0,0.321037601,NA,NA
"50fmol","20231201_jcl_6mix_50pmol_200ngHeLa_optDIA_60min_Wat25cmBEH_2",8168,2,"jlb20230123_HomoSapiens_UniprotRefProteome_UP000005640","PSG7;PSG7;PSG6;PSG5;PSG5;PSG6;PSG5;PSG6;PSG7;PSG5","Homo sapiens","A0A087WT09;A0A096LNM5;B5MCE1;E7EQY3;E9PC55;M0QZA7;M0R1G9;Q00889;Q13046;Q15238","Putative pregnancy-specific beta-1-glycoprotein 7;Putative pregnancy-specific beta-1-glycoprotein 7;Pregnancy-specific beta-1-glycoprotein 6;Pregnancy-specific beta-1-glycoprotein 5;Pregnancy-specific beta-1-glycoprotein 5;Pregnancy-specific beta-1-glycoprotein 6 (Fragment);Pregnancy-specific beta-1-glycoprotein 5;Pregnancy-specific beta-1-glycoprotein 6;Pregnancy-specific beta-1-glycoprotein 7;Pregnancy-specific beta-1-glycoprotein 5","A0A087WT09_HUMAN;A0A096LNM5_HUMAN;B5MCE1_HUMAN;E7EQY3_HUMAN;E9PC55_HUMAN;M0QZA7_HUMAN;M0R1G9_HUMAN;PSG6_HUMAN;PSG7_HUMAN;PSG5_HUMAN","0%;0%;0%;0%;0%;0%;0%;0%;0%;0%",TRUE,0,0.652998341,NA,NA
"50fmol","20231201_jcl_6mix_50pmol_200ngHeLa_optDIA_60min_Wat25cmBEH_2",8168,2,"jlb20230123_HomoSapiens_UniprotRefProteome_UP000005640","HTD2","Homo sapiens","A0A087WTC8;P86397","Hydroxyacyl-thioester dehydratase type 2, mitochondrial (Fragment);Hydroxyacyl-thioester dehydratase type 2, mitochondrial","A0A087WTC8_HUMAN;HTD2_HUMAN","36.8%;16.7%",TRUE,1,0,9.46970514713016,709.03112361013
"50fmol","20231201_jcl_6mix_50pmol_200ngHeLa_optDIA_60min_Wat25cmBEH_2",8168,2,"jlb20230123_HomoSapiens_UniprotRefProteome_UP000005640","BCL2L13","Homo sapiens","A0A087WTL4","Bcl-2-like protein 13","A0A087WTL4_HUMAN","2.80%",TRUE,1,0,11.7143648642547,3360.2779666619
"50fmol","20231201_jcl_6mix_50pmol_200ngHeLa_optDIA_60min_Wat25cmBEH_2",8168,2,"jlb20230123_HomoSapiens_UniprotRefProteome_UP000005640","KCNIP1","Homo sapiens","A0A087WTU8;A0A0A0MS16;A0A1B0GTZ7;Q9NZI2","Kv channel-interacting protein 1","A0A087WTU8_HUMAN;A0A0A0MS16_HUMAN;A0A1B0GTZ7_HUMAN;KCIP1_HUMAN","0%;0%;0%;0%",TRUE,0,0.031887909,NA,NA
"50fmol","20231201_jcl_6mix_50pmol_200ngHeLa_optDIA_60min_Wat25cmBEH_2",8168,2,"jlb20230123_HomoSapiens_UniprotRefProteome_UP000005640","ALMS1","Homo sapiens","A0A087WTU9;A0A087WV20;A0A804HIB7;A0A804HJA5;A0A804HJW3;A0A804HKC0;A0A804HKP4;A0A804HL70;Q8TCU4","Centrosome-associated protein ALMS1;Centrosome-associated protein ALMS1;Centrosome-associated protein ALMS1 (Fragment);Centrosome-associated protein ALMS1 (Fragment);Centrosome-associated protein ALMS1 (Fragment);Centrosome-associated protein ALMS1 (Fragment);Centrosome-associated protein ALMS1 (Fragment);Centrosome-associated protein ALMS1 (Fragment);Centrosome-associated protein ALMS1","A0A087WTU9_HUMAN;A0A087WV20_HUMAN;A0A804HIB7_HUMAN;A0A804HJA5_HUMAN;A0A804HJW3_HUMAN;A0A804HKC0_HUMAN;A0A804HKP4_HUMAN;A0A804HL70_HUMAN;ALMS1_HUMAN","0%;0%;0%;0%;0%;0%;0%;0%;0%",TRUE,0,0.124715739,NA,NA
"50fmol","20231201_jcl_6mix_50pmol_200ngHeLa_optDIA_60min_Wat25cmBEH_2",8168,2,"jlb20230123_HomoSapiens_UniprotRefProteome_UP000005640","HNRNPDL","Homo sapiens","A0A087WU03","Heterogeneous nuclear ribonucleoprotein D-like","A0A087WU03_HUMAN","31.60%",TRUE,1,0,12.727043894936,6779.87939642
"50fmol","20231201_jcl_6mix_50pmol_200ngHeLa_optDIA_60min_Wat25cmBEH_2",8168,2,"jlb20230123_HomoSapiens_UniprotRefProteome_UP000005640","PTBP1","Homo sapiens","A0A087WU68","Polypyrimidine tract-binding protein 1 (Fragment)","A0A087WU68_HUMAN","22.90%",TRUE,1,0,9.63709069004882,796.257193133204
"50fmol","20231201_jcl_6mix_50pmol_200ngHeLa_optDIA_60min_Wat25cmBEH_2",8168,2,"jlb20230123_HomoSapiens_UniprotRefProteome_UP000005640","NBDY","Homo sapiens","A0A0U1RRE5","Negative regulator of P-body association","NBDY_HUMAN","39.70%",FALSE,1,0,9.51868044970238,733.513877055839
"50fmol","20231201_jcl_6mix_50pmol_200ngHeLa_optDIA_60min_Wat25cmBEH_2",8168,2,"jlb20230123_HomoSapiens_UniprotRefProteome_UP000005640","AHRR","Homo sapiens","A0A7I2PK40;A9YTQ3;D6RE68","Aryl hydrocarbon receptor repressor","A0A7I2PK40_HUMAN;AHRR_HUMAN;D6RE68_HUMAN","2.6%;2.6%;3.2%",FALSE,1,0,10.5342744898009,1482.9708144203
"50fmol","20231201_jcl_6mix_50pmol_200ngHeLa_optDIA_60min_Wat25cmBEH_2",8168,2,"jlb20230123_HomoSapiens_UniprotRefProteome_UP000005640","PIP5K1C","Homo sapiens","A0A7P0T808;O60331","Phosphatidylinositol 4-phosphate 5-kinase type-1 gamma","A0A7P0T808_HUMAN;PI51C_HUMAN","2.7%;2.8%",FALSE,1,0,10.3067866079202,1266.63629346177
"50fmol","20231201_jcl_6mix_50pmol_200ngHeLa_optDIA_60min_Wat25cmBEH_2",8168,2,"jlb20230123_HomoSapiens_UniprotRefProteome_UP000005640","MYLK","Homo sapiens","A0A8I5KU53;Q15746","Myosin light chain kinase, smooth muscle;Myosin light chain kinase, smooth muscle","A0A8I5KU53_HUMAN;MYLK_HUMAN","1.9%;1.9%",FALSE,2,0.000374719,10.4873899052684,1435.55203022199
"50fmol","20231201_jcl_6mix_50pmol_200ngHeLa_optDIA_60min_Wat25cmBEH_2",8168,2,"jlb20230123_HomoSapiens_UniprotRefProteome_UP000005640","ZNF840P","Homo sapiens","A6NDX5","Putative zinc finger protein 840","ZN840_HUMAN","3.10%",FALSE,2,0,8.48716813083207,358.832842696604
"50fmol","20231201_jcl_6mix_50pmol_200ngHeLa_optDIA_60min_Wat25cmBEH_2",8168,2,"jlb20230123_HomoSapiens_UniprotRefProteome_UP000005640","CCDC85C","Homo sapiens","A6NKD9","Coiled-coil domain-containing protein 85C","CC85C_HUMAN","10.50%",FALSE,2,0,8.44066333150832,347.450424073536
"50fmol","20231201_jcl_6mix_50pmol_200ngHeLa_optDIA_60min_Wat25cmBEH_2",8168,2,"jlb20230123_HomoSapiens_UniprotRefProteome_UP000005640","TMCO5B","Homo sapiens","A8MYB1","Transmembrane and coiled-coil domain-containing protein 5B","TMC5B_HUMAN","2.30%",FALSE,1,0,8.75238434125998,431.251104422228
"50fmol","20231201_jcl_6mix_50pmol_200ngHeLa_optDIA_60min_Wat25cmBEH_2",8168,2,"jlb20230123_HomoSapiens_UniprotRefProteome_UP000005640","AZGP1","Homo sapiens","C9JEV0;P25311","Zinc-alpha-2-glycoprotein","C9JEV0_HUMAN;ZA2G_HUMAN","16.3%;12.4%",FALSE,2,0,7.95313261609395,247.817217809004
"50fmol","20231201_jcl_6mix_50pmol_200ngHeLa_optDIA_60min_Wat25cmBEH_2",8168,2,"jlb20230123_HomoSapiens_UniprotRefProteome_UP000005640","USP4","Homo sapiens","C9JNU9","Ubiquitin carboxyl-terminal hydrolase 4","C9JNU9_HUMAN","9.90%",FALSE,2,0.000252048,8.43076612071458,345.074993727909
"50fmol","20231201_jcl_6mix_50pmol_200ngHeLa_optDIA_60min_Wat25cmBEH_2",8168,2,"20230525_jclcleaned_MQcontaminants","ALB","","CON__P02769","Bovine serum albumin","ALBU_BOVIN","70.50%",FALSE,50,0,16.8276349597777,116311.559556436
"50fmol","20231201_jcl_6mix_50pmol_200ngHeLa_optDIA_60min_Wat25cmBEH_2",8168,2,"20230525_jclcleaned_MQcontaminants","CYCS","","CON__P62894","Cytochrome c","CYC_BOVIN","59%",FALSE,9,0,12.8929038254833,7605.90300416118
"50fmol","20231201_jcl_6mix_50pmol_200ngHeLa_optDIA_60min_Wat25cmBEH_2",8168,2,"20230525_jclcleaned_MQcontaminants","TF","","CON__Q0IIK2","Serotransferrin (UP merge to Q29443)","TRFE_BOVIN","77.10%",FALSE,57,0,13.6322199863961,12697.1755280148
"50fmol","20231201_jcl_6mix_50pmol_200ngHeLa_optDIA_60min_Wat25cmBEH_2",8168,2,"20230525_jclcleaned_MQcontaminants","KRT16","","CON__Q3ZAW8;CON__Q9Z2K1","Keratin intermediate filament 16a;Keratin, type I cytoskeletal 16","KRT16_MOUSE","3.4%;3.4%",FALSE,1,0,11.7145820218829,3360.7838011551
"50fmol","20231201_jcl_6mix_50pmol_200ngHeLa_optDIA_60min_Wat25cmBEH_2",8168,2,"jlb20230123_HomoSapiens_UniprotRefProteome_UP000005640","BRDT","Homo sapiens","F8W0H2","Bromodomain testis-specific protein (Fragment)","F8W0H2_HUMAN","41.30%",FALSE,2,0,9.10651459680782,551.231528332267
"50fmol","20231201_jcl_6mix_50pmol_200ngHeLa_optDIA_60min_Wat25cmBEH_2",8168,2,"jlb20230123_HomoSapiens_UniprotRefProteome_UP000005640","BMAL2","Homo sapiens","H0Y5R1;Q8WYA1","Basic helix-loop-helix ARNT-like 2 (Fragment);Basic helix-loop-helix ARNT-like protein 2","H0Y5R1_HUMAN;BMAL2_HUMAN","3.7%;3.5%",FALSE,1,0,10.4523443866447,1401.10016878657
"50fmol","20231201_jcl_6mix_50pmol_200ngHeLa_optDIA_60min_Wat25cmBEH_2",8168,2,"jlb20230123_HomoSapiens_UniprotRefProteome_UP000005640","DEF6","Homo sapiens","H0Y7V7;Q9H4E7","Differentially-expressed in FDCP 6 homolog;Differentially expressed in FDCP 6 homolog","H0Y7V7_HUMAN;DEFI6_HUMAN","3.4%;3.2%",FALSE,2,0.001485516,8.98144901615992,505.458563049626
"50fmol","20231201_jcl_6mix_50pmol_200ngHeLa_optDIA_60min_Wat25cmBEH_2",8168,2,"jlb20230123_HomoSapiens_UniprotRefProteome_UP000005640","MYOF","Homo sapiens","H0YD14","Myoferlin (Fragment)","H0YD14_HUMAN","2%",FALSE,2,0,9.92372756730508,971.269310818213
"50fmol","20231201_jcl_6mix_50pmol_200ngHeLa_optDIA_60min_Wat25cmBEH_2",8168,2,"jlb20230123_HomoSapiens_UniprotRefProteome_UP000005640","ATXN2L","Homo sapiens","H3BUF6","Ataxin-2-like protein","H3BUF6_HUMAN","4.30%",FALSE,2,0,8.18396520104291,290.816476975006
"50fmol","20231201_jcl_6mix_50pmol_200ngHeLa_optDIA_60min_Wat25cmBEH_2",8168,2,"jlb20230123_HomoSapiens_UniprotRefProteome_UP000005640",";TATDN2","Homo sapiens","H7C1W4;Q93075","Deoxyribonuclease TATDN2 (Fragment);Putative deoxyribonuclease TATDN2","H7C1W4_HUMAN;TATD2_HUMAN","5.9%;5.1%",FALSE,2,0.000374719,6.97536458653528,125.832832078965
"50fmol","20231201_jcl_6mix_50pmol_200ngHeLa_optDIA_60min_Wat25cmBEH_2",8168,2,"jlb20230123_HomoSapiens_UniprotRefProteome_UP000005640","FARP2","Homo sapiens","H7C3M7","FERM, ARHGEF and pleckstrin domain-containing protein 2 (Fragment)","H7C3M7_HUMAN","6.20%",FALSE,2,0.00356967,9.84557062116215,920.05138069246
"50fmol","20231201_jcl_6mix_50pmol_200ngHeLa_optDIA_60min_Wat25cmBEH_2",8168,2,"jlb20230123_HomoSapiens_UniprotRefProteome_UP000005640","TECPR2","Homo sapiens","O15040","Tectonin beta-propeller repeat-containing protein 2","TCPR2_HUMAN","1.60%",FALSE,2,0,14.7726846828495,27991.1799351662
"50fmol","20231201_jcl_6mix_50pmol_200ngHeLa_optDIA_60min_Wat25cmBEH_2",8168,2,"jlb20230123_HomoSapiens_UniprotRefProteome_UP000005640","TLR3","Homo sapiens","O15455","Toll-like receptor 3","TLR3_HUMAN","2.70%",FALSE,2,0,7.1877304174216,145.788227691895
"50fmol","20231201_jcl_6mix_50pmol_200ngHeLa_optDIA_60min_Wat25cmBEH_2",8168,2,"jlb20230123_HomoSapiens_UniprotRefProteome_UP000005640","LRIG2","Homo sapiens","O94898","Leucine-rich repeats and immunoglobulin-like domains protein 2","LRIG2_HUMAN","2.40%",FALSE,2,0.003812569,8.41329149014828,340.920487506119
"50fmol","20231201_jcl_6mix_50pmol_200ngHeLa_optDIA_60min_Wat25cmBEH_2",8168,2,"jlb20230123_HomoSapiens_UniprotRefProteome_UP000005640","RAB3D","Homo sapiens","O95716","Ras-related protein Rab-3D","RAB3D_HUMAN","40.60%",FALSE,7,0,10.2706877403606,1235.33596640637
"50fmol","20231201_jcl_6mix_50pmol_200ngHeLa_optDIA_60min_Wat25cmBEH_2",8168,2,"jlb20230503_Pierce88342_6Mix_Uniprotsequences","ADH1","Saccharomyces cerevisiae (strain ATCC 204508 / S288c)","P00330","Alcohol dehydrogenase 1","ADH1_YEAST","43.60%",FALSE,17,0,13.9659078054754,16001.369948301
"50fmol","20231201_jcl_6mix_50pmol_200ngHeLa_optDIA_60min_Wat25cmBEH_2",8168,2,"jlb20230503_Pierce88342_6Mix_Uniprotsequences","LYZ","Gallus gallus","P00698","Lysozyme C","LYSC_CHICK","33.30%",FALSE,6,0,12.8611835327853,7440.49832249509
"50fmol","20231201_jcl_6mix_50pmol_200ngHeLa_optDIA_60min_Wat25cmBEH_2",8168,2,"jlb20230503_Pierce88342_6Mix_Uniprotsequences","lacZ","Escherichia coli (strain K12)","P00722","Beta-galactosidase","BGAL_ECOLI","46.70%",FALSE,40,0,13.9487167163072,15811.8298625484
"50fmol","20231201_jcl_6mix_50pmol_200ngHeLa_optDIA_60min_Wat25cmBEH_2",8168,2,"jlb20230123_HomoSapiens_UniprotRefProteome_UP000005640","CSTA","Homo sapiens","P01040","Cystatin-A","CYTA_HUMAN","42.90%",FALSE,3,0,9.57125423792519,760.737143938151
"50fmol","20231201_jcl_6mix_50pmol_200ngHeLa_optDIA_60min_Wat25cmBEH_2",8168,2,"jlb20230123_HomoSapiens_UniprotRefProteome_UP000005640","PRKCB","Homo sapiens","P05771","Protein kinase C beta type","KPCB_HUMAN","2.40%",FALSE,1,0,9.74894692102165,860.449624434131
"50fmol","20231201_jcl_6mix_50pmol_200ngHeLa_optDIA_60min_Wat25cmBEH_2",8168,2,"jlb20230123_HomoSapiens_UniprotRefProteome_UP000005640","LPL","Homo sapiens","P06858","Lipoprotein lipase","LIPL_HUMAN","7.60%",FALSE,2,0,8.62231574918063,394.072085798392
"50fmol","20231201_jcl_6mix_50pmol_200ngHeLa_optDIA_60min_Wat25cmBEH_2",8168,2,"jlb20230123_HomoSapiens_UniprotRefProteome_UP000005640","PIP","Homo sapiens","P12273","Prolactin-inducible protein","PIP_HUMAN","21.20%",FALSE,2,0,7.31172125921416,158.872020542572
"50fmol","20231201_jcl_6mix_50pmol_200ngHeLa_optDIA_60min_Wat25cmBEH_2",8168,2,"jlb20230123_HomoSapiens_UniprotRefProteome_UP000005640","C6","Homo sapiens","P13671","Complement component C6","CO6_HUMAN","4.50%",FALSE,2,0,7.47500510667697,177.910161883523
"50fmol","20231201_jcl_6mix_50pmol_200ngHeLa_optDIA_60min_Wat25cmBEH_2",8168,2,"jlb20230123_HomoSapiens_UniprotRefProteome_UP000005640","GLB1","Homo sapiens","P16278","Beta-galactosidase","BGAL_HUMAN","28.10%",FALSE,16,0,12.1360617582011,4501.09955199346
"50fmol","20231201_jcl_6mix_50pmol_200ngHeLa_optDIA_60min_Wat25cmBEH_2",8168,2,"jlb20230123_HomoSapiens_UniprotRefProteome_UP000005640","TARS1","Homo sapiens","P26639","Threonine--tRNA ligase 1, cytoplasmic","SYTC_HUMAN","62.80%",FALSE,42,0,14.6051943635148,24923.073366239
"50fmol","20231201_jcl_6mix_50pmol_200ngHeLa_optDIA_60min_Wat25cmBEH_2",8168,2,"jlb20230123_HomoSapiens_UniprotRefProteome_UP000005640","CASP14","Homo sapiens","P31944","Caspase-14","CASPE_HUMAN","40.10%",FALSE,7,0,7.82115997035185,226.153728392516
"50fmol","20231201_jcl_6mix_50pmol_200ngHeLa_optDIA_60min_Wat25cmBEH_2",8168,2,"jlb20230123_HomoSapiens_UniprotRefProteome_UP000005640","DCAF6","Homo sapiens","Q58WW2","DDB1- and CUL4-associated factor 6","DCAF6_HUMAN","4.10%",FALSE,2,0,7.25911470541613,153.183246062427
"50fmol","20231201_jcl_6mix_50pmol_200ngHeLa_optDIA_60min_Wat25cmBEH_2",8168,2,"jlb20230123_HomoSapiens_UniprotRefProteome_UP000005640","DALRD3","Homo sapiens","Q5D0E6","DALR anticodon-binding domain-containing protein 3","DALD3_HUMAN","7%",FALSE,2,0,8.21127311141781,296.373595660435
"50fmol","20231201_jcl_6mix_50pmol_200ngHeLa_optDIA_60min_Wat25cmBEH_2",8168,2,"jlb20230123_HomoSapiens_UniprotRefProteome_UP000005640","HGSNAT","Homo sapiens","Q68CP4","Heparan-alpha-glucosaminide N-acetyltransferase","HGNAT_HUMAN","3.80%",FALSE,2,0,10.2466600783197,1214.93218990994
"50fmol","20231201_jcl_6mix_50pmol_200ngHeLa_optDIA_60min_Wat25cmBEH_2",8168,2,"jlb20230123_HomoSapiens_UniprotRefProteome_UP000005640","RFFL","Homo sapiens","Q8WZ73","E3 ubiquitin-protein ligase rififylin","RFFL_HUMAN","10.20%",FALSE,2,0,6.79159675562915,110.783311270273
"50fmol","20231201_jcl_6mix_50pmol_200ngHeLa_optDIA_60min_Wat25cmBEH_2",8168,2,"jlb20230123_HomoSapiens_UniprotRefProteome_UP000005640","RNF185","Homo sapiens","Q96GF1","E3 ubiquitin-protein ligase RNF185","RN185_HUMAN","7.30%",FALSE,2,0,9.37485800736573,663.916504912032
"50fmol","20231201_jcl_6mix_50pmol_200ngHeLa_optDIA_60min_Wat25cmBEH_2",8168,2,"jlb20230123_HomoSapiens_UniprotRefProteome_UP000005640","ZNF462","Homo sapiens","Q96JM2","Zinc finger protein 462","ZN462_HUMAN","2%",FALSE,3,0.000374719,8.92749663104835,486.905042401908
"50fmol","20231201_jcl_6mix_50pmol_200ngHeLa_optDIA_60min_Wat25cmBEH_2",8168,2,"jlb20230123_HomoSapiens_UniprotRefProteome_UP000005640","ALKBH7","Homo sapiens","Q9BT30","Alpha-ketoglutarate-dependent dioxygenase alkB homolog 7, mitochondrial","ALKB7_HUMAN","14%",FALSE,2,0,7.12308528305281,139.399858161921
"50fmol","20231201_jcl_6mix_50pmol_200ngHeLa_optDIA_60min_Wat25cmBEH_2",8168,2,"jlb20230123_HomoSapiens_UniprotRefProteome_UP000005640","POLK","Homo sapiens","Q9UBT6","DNA polymerase kappa","POLK_HUMAN","4.10%",FALSE,2,0,6.43777190618314,86.6886917692018
"50fmol","20231201_jcl_6mix_50pmol_200ngHeLa_optDIA_60min_Wat25cmBEH_2",8168,2,"jlb20230123_HomoSapiens_UniprotRefProteome_UP000005640","ACAD8","Homo sapiens","Q9UKU7","Isobutyryl-CoA dehydrogenase, mitochondrial","ACAD8_HUMAN","5.50%",FALSE,2,0,6.57605040437898,95.4087980563982
"50fmol","20231201_jcl_6mix_50pmol_200ngHeLa_optDIA_60min_Wat25cmBEH_3",8160,3,"jlb20230123_HomoSapiens_UniprotRefProteome_UP000005640","ELOF1","Homo sapiens","A0A024R7E8;K7EMV4;K7EN05;K7EPC8;K7EQ44;P60002","Transcription elongation factor 1 homolog","A0A024R7E8_HUMAN;K7EMV4_HUMAN;K7EN05_HUMAN;K7EPC8_HUMAN;K7EQ44_HUMAN;ELOF1_HUMAN","17.3%;15%;23.7%;20%;15.8%;21.7%",TRUE,1,0,11.2033019729232,2357.92476778604
"50fmol","20231201_jcl_6mix_50pmol_200ngHeLa_optDIA_60min_Wat25cmBEH_3",8160,3,"jlb20230123_HomoSapiens_UniprotRefProteome_UP000005640","NUDT4B;NUDT4","Homo sapiens","A0A024RBG1;Q9NZJ9","Diphosphoinositol polyphosphate phosphohydrolase NUDT4B;Diphosphoinositol polyphosphate phosphohydrolase 2","NUD4B_HUMAN;NUDT4_HUMAN","29.8%;30%",FALSE,4,0,10.6036723065238,1556.04957200912
"50fmol","20231201_jcl_6mix_50pmol_200ngHeLa_optDIA_60min_Wat25cmBEH_3",8160,3,"jlb20230123_HomoSapiens_UniprotRefProteome_UP000005640","NOSIP","Homo sapiens","A0A075B6F9","Nitric oxide synthase-interacting protein","A0A075B6F9_HUMAN","7.90%",TRUE,1,0,7.05051613534002,132.56132661211
"50fmol","20231201_jcl_6mix_50pmol_200ngHeLa_optDIA_60min_Wat25cmBEH_3",8160,3,"jlb20230123_HomoSapiens_UniprotRefProteome_UP000005640","PPIAL4E;PPIAL4F;PPIAL4D;PPIAL4F","Homo sapiens","A0A075B759;A0A0H2UH34;F5H284;P0DN26","Peptidyl-prolyl cis-trans isomerase A-like 4E;Peptidyl-prolyl cis-trans isomerase;Peptidyl-prolyl cis-trans isomerase A-like 4D;Peptidyl-prolyl cis-trans isomerase A-like 4F","PAL4E_HUMAN;A0A0H2UH34_HUMAN;PAL4D_HUMAN;PAL4F_HUMAN","0%;0%;0%;0%",TRUE,0,0.738363141,NA,NA
"50fmol","20231201_jcl_6mix_50pmol_200ngHeLa_optDIA_60min_Wat25cmBEH_3",8160,3,"jlb20230123_HomoSapiens_UniprotRefProteome_UP000005640","IKBKE","Homo sapiens","A0A075B7B4;Q14164","Inhibitor of nuclear factor kappa-B kinase subunit epsilon","A0A075B7B4_HUMAN;IKKE_HUMAN","0%;0%",TRUE,0,0.321037601,NA,NA
"50fmol","20231201_jcl_6mix_50pmol_200ngHeLa_optDIA_60min_Wat25cmBEH_3",8160,3,"jlb20230123_HomoSapiens_UniprotRefProteome_UP000005640","PSG7;PSG7;PSG6;PSG5;PSG5;PSG6;PSG5;PSG6;PSG7;PSG5","Homo sapiens","A0A087WT09;A0A096LNM5;B5MCE1;E7EQY3;E9PC55;M0QZA7;M0R1G9;Q00889;Q13046;Q15238","Putative pregnancy-specific beta-1-glycoprotein 7;Putative pregnancy-specific beta-1-glycoprotein 7;Pregnancy-specific beta-1-glycoprotein 6;Pregnancy-specific beta-1-glycoprotein 5;Pregnancy-specific beta-1-glycoprotein 5;Pregnancy-specific beta-1-glycoprotein 6 (Fragment);Pregnancy-specific beta-1-glycoprotein 5;Pregnancy-specific beta-1-glycoprotein 6;Pregnancy-specific beta-1-glycoprotein 7;Pregnancy-specific beta-1-glycoprotein 5","A0A087WT09_HUMAN;A0A096LNM5_HUMAN;B5MCE1_HUMAN;E7EQY3_HUMAN;E9PC55_HUMAN;M0QZA7_HUMAN;M0R1G9_HUMAN;PSG6_HUMAN;PSG7_HUMAN;PSG5_HUMAN","0%;0%;0%;0%;0%;0%;0%;0%;0%;0%",TRUE,0,0.652998341,NA,NA
"50fmol","20231201_jcl_6mix_50pmol_200ngHeLa_optDIA_60min_Wat25cmBEH_3",8160,3,"jlb20230123_HomoSapiens_UniprotRefProteome_UP000005640","HTD2","Homo sapiens","A0A087WTC8;P86397","Hydroxyacyl-thioester dehydratase type 2, mitochondrial (Fragment);Hydroxyacyl-thioester dehydratase type 2, mitochondrial","A0A087WTC8_HUMAN;HTD2_HUMAN","36.8%;16.7%",TRUE,1,0,9.59688468937496,774.372918649872
"50fmol","20231201_jcl_6mix_50pmol_200ngHeLa_optDIA_60min_Wat25cmBEH_3",8160,3,"jlb20230123_HomoSapiens_UniprotRefProteome_UP000005640","BCL2L13","Homo sapiens","A0A087WTL4","Bcl-2-like protein 13","A0A087WTL4_HUMAN","2.80%",TRUE,1,0,11.8268998787096,3632.884739349
"50fmol","20231201_jcl_6mix_50pmol_200ngHeLa_optDIA_60min_Wat25cmBEH_3",8160,3,"jlb20230123_HomoSapiens_UniprotRefProteome_UP000005640","KCNIP1","Homo sapiens","A0A087WTU8;A0A0A0MS16;A0A1B0GTZ7;Q9NZI2","Kv channel-interacting protein 1","A0A087WTU8_HUMAN;A0A0A0MS16_HUMAN;A0A1B0GTZ7_HUMAN;KCIP1_HUMAN","0%;0%;0%;0%",TRUE,0,0.031887909,NA,NA
"50fmol","20231201_jcl_6mix_50pmol_200ngHeLa_optDIA_60min_Wat25cmBEH_3",8160,3,"jlb20230123_HomoSapiens_UniprotRefProteome_UP000005640","ALMS1","Homo sapiens","A0A087WTU9;A0A087WV20;A0A804HIB7;A0A804HJA5;A0A804HJW3;A0A804HKC0;A0A804HKP4;A0A804HL70;Q8TCU4","Centrosome-associated protein ALMS1;Centrosome-associated protein ALMS1;Centrosome-associated protein ALMS1 (Fragment);Centrosome-associated protein ALMS1 (Fragment);Centrosome-associated protein ALMS1 (Fragment);Centrosome-associated protein ALMS1 (Fragment);Centrosome-associated protein ALMS1 (Fragment);Centrosome-associated protein ALMS1 (Fragment);Centrosome-associated protein ALMS1","A0A087WTU9_HUMAN;A0A087WV20_HUMAN;A0A804HIB7_HUMAN;A0A804HJA5_HUMAN;A0A804HJW3_HUMAN;A0A804HKC0_HUMAN;A0A804HKP4_HUMAN;A0A804HL70_HUMAN;ALMS1_HUMAN","0%;0%;0%;0%;0%;0%;0%;0%;0%",TRUE,0,0.124715739,NA,NA
"50fmol","20231201_jcl_6mix_50pmol_200ngHeLa_optDIA_60min_Wat25cmBEH_3",8160,3,"jlb20230123_HomoSapiens_UniprotRefProteome_UP000005640","HNRNPDL","Homo sapiens","A0A087WU03","Heterogeneous nuclear ribonucleoprotein D-like","A0A087WU03_HUMAN","31.60%",TRUE,1,0,13.066672767748,8579.46973619519
"50fmol","20231201_jcl_6mix_50pmol_200ngHeLa_optDIA_60min_Wat25cmBEH_3",8160,3,"jlb20230123_HomoSapiens_UniprotRefProteome_UP000005640","PTBP1","Homo sapiens","A0A087WU68","Polypyrimidine tract-binding protein 1 (Fragment)","A0A087WU68_HUMAN","22.90%",TRUE,1,0,9.35271410608757,653.803869806394
"50fmol","20231201_jcl_6mix_50pmol_200ngHeLa_optDIA_60min_Wat25cmBEH_3",8160,3,"jlb20230123_HomoSapiens_UniprotRefProteome_UP000005640","NBDY","Homo sapiens","A0A0U1RRE5","Negative regulator of P-body association","NBDY_HUMAN","39.70%",FALSE,1,0,9.64444265949619,800.325273976189
"50fmol","20231201_jcl_6mix_50pmol_200ngHeLa_optDIA_60min_Wat25cmBEH_3",8160,3,"jlb20230123_HomoSapiens_UniprotRefProteome_UP000005640","AHRR","Homo sapiens","A0A7I2PK40;A9YTQ3;D6RE68","Aryl hydrocarbon receptor repressor","A0A7I2PK40_HUMAN;AHRR_HUMAN;D6RE68_HUMAN","2.6%;2.6%;3.2%",FALSE,1,0,10.6357055953028,1590.98618749433
"50fmol","20231201_jcl_6mix_50pmol_200ngHeLa_optDIA_60min_Wat25cmBEH_3",8160,3,"jlb20230123_HomoSapiens_UniprotRefProteome_UP000005640","PIP5K1C","Homo sapiens","A0A7P0T808;O60331","Phosphatidylinositol 4-phosphate 5-kinase type-1 gamma","A0A7P0T808_HUMAN;PI51C_HUMAN","4.3%;4.5%",FALSE,2,0,5.34571703836103,40.665037476575
"50fmol","20231201_jcl_6mix_50pmol_200ngHeLa_optDIA_60min_Wat25cmBEH_3",8160,3,"jlb20230123_HomoSapiens_UniprotRefProteome_UP000005640","MYLK","Homo sapiens","A0A8I5KU53;Q15746","Myosin light chain kinase, smooth muscle;Myosin light chain kinase, smooth muscle","A0A8I5KU53_HUMAN;MYLK_HUMAN","1.9%;1.9%",FALSE,2,0.000374719,10.6122372336032,1565.31493305071
"50fmol","20231201_jcl_6mix_50pmol_200ngHeLa_optDIA_60min_Wat25cmBEH_3",8160,3,"jlb20230123_HomoSapiens_UniprotRefProteome_UP000005640","ZNF840P","Homo sapiens","A6NDX5","Putative zinc finger protein 840","ZN840_HUMAN","3.10%",FALSE,2,0,6.48934036461318,89.8433840665896
"50fmol","20231201_jcl_6mix_50pmol_200ngHeLa_optDIA_60min_Wat25cmBEH_3",8160,3,"jlb20230123_HomoSapiens_UniprotRefProteome_UP000005640","CCDC85C","Homo sapiens","A6NKD9","Coiled-coil domain-containing protein 85C","CC85C_HUMAN","10.50%",FALSE,2,0,8.22237147550914,298.662330493857
"50fmol","20231201_jcl_6mix_50pmol_200ngHeLa_optDIA_60min_Wat25cmBEH_3",8160,3,"jlb20230123_HomoSapiens_UniprotRefProteome_UP000005640","TMCO5B","Homo sapiens","A8MYB1","Transmembrane and coiled-coil domain-containing protein 5B","TMC5B_HUMAN","4.60%",FALSE,2,0,8.41184711712316,340.57934129738
"50fmol","20231201_jcl_6mix_50pmol_200ngHeLa_optDIA_60min_Wat25cmBEH_3",8160,3,"jlb20230123_HomoSapiens_UniprotRefProteome_UP000005640","AZGP1","Homo sapiens","C9JEV0;P25311","Zinc-alpha-2-glycoprotein","C9JEV0_HUMAN;ZA2G_HUMAN","16.3%;12.4%",FALSE,2,0,8.0138162972675,258.46341915875
"50fmol","20231201_jcl_6mix_50pmol_200ngHeLa_optDIA_60min_Wat25cmBEH_3",8160,3,"jlb20230123_HomoSapiens_UniprotRefProteome_UP000005640","USP4","Homo sapiens","C9JNU9","Ubiquitin carboxyl-terminal hydrolase 4","C9JNU9_HUMAN","9.90%",FALSE,2,0.000252048,8.07975232779544,270.550168159138
"50fmol","20231201_jcl_6mix_50pmol_200ngHeLa_optDIA_60min_Wat25cmBEH_3",8160,3,"20230525_jclcleaned_MQcontaminants","ALB","","CON__P02769","Bovine serum albumin","ALBU_BOVIN","70.50%",FALSE,50,0,16.6740339739791,104564.526429927
"50fmol","20231201_jcl_6mix_50pmol_200ngHeLa_optDIA_60min_Wat25cmBEH_3",8160,3,"20230525_jclcleaned_MQcontaminants","CYCS","","CON__P62894","Cytochrome c","CYC_BOVIN","59%",FALSE,9,0,12.421264354619,5484.95608553577
"50fmol","20231201_jcl_6mix_50pmol_200ngHeLa_optDIA_60min_Wat25cmBEH_3",8160,3,"20230525_jclcleaned_MQcontaminants","TF","","CON__Q0IIK2","Serotransferrin (UP merge to Q29443)","TRFE_BOVIN","77.10%",FALSE,57,0,13.6137903507364,12536.0077010081
"50fmol","20231201_jcl_6mix_50pmol_200ngHeLa_optDIA_60min_Wat25cmBEH_3",8160,3,"20230525_jclcleaned_MQcontaminants","KRT16","","CON__Q3ZAW8;CON__Q9Z2K1","Keratin intermediate filament 16a;Keratin, type I cytoskeletal 16","KRT16_MOUSE","8.2%;8.3%",FALSE,2,0,10.2739190386383,1238.10592990238
"50fmol","20231201_jcl_6mix_50pmol_200ngHeLa_optDIA_60min_Wat25cmBEH_3",8160,3,"jlb20230123_HomoSapiens_UniprotRefProteome_UP000005640","BRDT","Homo sapiens","F8W0H2","Bromodomain testis-specific protein (Fragment)","F8W0H2_HUMAN","41.30%",FALSE,2,0,9.12190817933782,557.144669404652
"50fmol","20231201_jcl_6mix_50pmol_200ngHeLa_optDIA_60min_Wat25cmBEH_3",8160,3,"jlb20230123_HomoSapiens_UniprotRefProteome_UP000005640","BMAL2","Homo sapiens","H0Y5R1;Q8WYA1","Basic helix-loop-helix ARNT-like 2 (Fragment);Basic helix-loop-helix ARNT-like protein 2","H0Y5R1_HUMAN;BMAL2_HUMAN","3.7%;3.5%",FALSE,1,0,9.81265342775201,899.29673944782
"50fmol","20231201_jcl_6mix_50pmol_200ngHeLa_optDIA_60min_Wat25cmBEH_3",8160,3,"jlb20230123_HomoSapiens_UniprotRefProteome_UP000005640","DEF6","Homo sapiens","H0Y7V7;Q9H4E7","Differentially-expressed in FDCP 6 homolog;Differentially expressed in FDCP 6 homolog","H0Y7V7_HUMAN;DEFI6_HUMAN","2.2%;2.1%",FALSE,1,0.001485516,9.78435835369482,881.830981289117
"50fmol","20231201_jcl_6mix_50pmol_200ngHeLa_optDIA_60min_Wat25cmBEH_3",8160,3,"jlb20230123_HomoSapiens_UniprotRefProteome_UP000005640","MYOF","Homo sapiens","H0YD14","Myoferlin (Fragment)","H0YD14_HUMAN","2%",FALSE,2,0,10.1435592919817,1131.1380446707
"50fmol","20231201_jcl_6mix_50pmol_200ngHeLa_optDIA_60min_Wat25cmBEH_3",8160,3,"jlb20230123_HomoSapiens_UniprotRefProteome_UP000005640","ATXN2L","Homo sapiens","H3BUF6","Ataxin-2-like protein","H3BUF6_HUMAN","4.30%",FALSE,2,0,8.01019117929969,257.814782978138
"50fmol","20231201_jcl_6mix_50pmol_200ngHeLa_optDIA_60min_Wat25cmBEH_3",8160,3,"jlb20230123_HomoSapiens_UniprotRefProteome_UP000005640",";TATDN2","Homo sapiens","H7C1W4;Q93075","Deoxyribonuclease TATDN2 (Fragment);Putative deoxyribonuclease TATDN2","H7C1W4_HUMAN;TATD2_HUMAN","5.9%;5.1%",FALSE,2,0.000374719,6.06205505168209,66.812912814824
"50fmol","20231201_jcl_6mix_50pmol_200ngHeLa_optDIA_60min_Wat25cmBEH_3",8160,3,"jlb20230123_HomoSapiens_UniprotRefProteome_UP000005640","FARP2","Homo sapiens","H7C3M7","FERM, ARHGEF and pleckstrin domain-containing protein 2 (Fragment)","H7C3M7_HUMAN","6.20%",FALSE,2,0.00356967,9.59606578762759,773.933494254206
"50fmol","20231201_jcl_6mix_50pmol_200ngHeLa_optDIA_60min_Wat25cmBEH_3",8160,3,"jlb20230123_HomoSapiens_UniprotRefProteome_UP000005640","TECPR2","Homo sapiens","O15040","Tectonin beta-propeller repeat-containing protein 2","TCPR2_HUMAN","1.60%",FALSE,2,0,9.50172849977033,724.945384332484
"50fmol","20231201_jcl_6mix_50pmol_200ngHeLa_optDIA_60min_Wat25cmBEH_3",8160,3,"jlb20230123_HomoSapiens_UniprotRefProteome_UP000005640","TLR3","Homo sapiens","O15455","Toll-like receptor 3","TLR3_HUMAN","1.20%",FALSE,1,0,7.43393801756146,172.917253625216
"50fmol","20231201_jcl_6mix_50pmol_200ngHeLa_optDIA_60min_Wat25cmBEH_3",8160,3,"jlb20230123_HomoSapiens_UniprotRefProteome_UP000005640","LRIG2","Homo sapiens","O94898","Leucine-rich repeats and immunoglobulin-like domains protein 2","LRIG2_HUMAN","1.40%",FALSE,1,0.003812569,8.10412484124303,275.159597704159
"50fmol","20231201_jcl_6mix_50pmol_200ngHeLa_optDIA_60min_Wat25cmBEH_3",8160,3,"jlb20230123_HomoSapiens_UniprotRefProteome_UP000005640","RAB3D","Homo sapiens","O95716","Ras-related protein Rab-3D","RAB3D_HUMAN","40.60%",FALSE,7,0,10.0328513344656,1047.58481287307
"50fmol","20231201_jcl_6mix_50pmol_200ngHeLa_optDIA_60min_Wat25cmBEH_3",8160,3,"jlb20230503_Pierce88342_6Mix_Uniprotsequences","ADH1","Saccharomyces cerevisiae (strain ATCC 204508 / S288c)","P00330","Alcohol dehydrogenase 1","ADH1_YEAST","43.60%",FALSE,17,0,14.0021246316176,16408.1462041758
"50fmol","20231201_jcl_6mix_50pmol_200ngHeLa_optDIA_60min_Wat25cmBEH_3",8160,3,"jlb20230503_Pierce88342_6Mix_Uniprotsequences","LYZ","Gallus gallus","P00698","Lysozyme C","LYSC_CHICK","33.30%",FALSE,6,0,12.5795869102308,6121.14959040182
"50fmol","20231201_jcl_6mix_50pmol_200ngHeLa_optDIA_60min_Wat25cmBEH_3",8160,3,"jlb20230503_Pierce88342_6Mix_Uniprotsequences","lacZ","Escherichia coli (strain K12)","P00722","Beta-galactosidase","BGAL_ECOLI","44.50%",FALSE,39,0,13.9599627222184,15935.5668941425
"50fmol","20231201_jcl_6mix_50pmol_200ngHeLa_optDIA_60min_Wat25cmBEH_3",8160,3,"jlb20230123_HomoSapiens_UniprotRefProteome_UP000005640","CSTA","Homo sapiens","P01040","Cystatin-A","CYTA_HUMAN","53.10%",FALSE,4,0,10.1083026744319,1103.83029754426
"50fmol","20231201_jcl_6mix_50pmol_200ngHeLa_optDIA_60min_Wat25cmBEH_3",8160,3,"jlb20230123_HomoSapiens_UniprotRefProteome_UP000005640","PRKCB","Homo sapiens","P05771","Protein kinase C beta type","KPCB_HUMAN","3.90%",FALSE,2,0,10.1099360712103,1105.08074469097
"50fmol","20231201_jcl_6mix_50pmol_200ngHeLa_optDIA_60min_Wat25cmBEH_3",8160,3,"jlb20230123_HomoSapiens_UniprotRefProteome_UP000005640","LPL","Homo sapiens","P06858","Lipoprotein lipase","LIPL_HUMAN","7.60%",FALSE,2,0,8.31633643026468,318.76212954589
"50fmol","20231201_jcl_6mix_50pmol_200ngHeLa_optDIA_60min_Wat25cmBEH_3",8160,3,"jlb20230123_HomoSapiens_UniprotRefProteome_UP000005640","PIP","Homo sapiens","P12273","Prolactin-inducible protein","PIP_HUMAN","21.20%",FALSE,2,0,7.0023501503909,128.208681940326
"50fmol","20231201_jcl_6mix_50pmol_200ngHeLa_optDIA_60min_Wat25cmBEH_3",8160,3,"jlb20230123_HomoSapiens_UniprotRefProteome_UP000005640","C6","Homo sapiens","P13671","Complement component C6","CO6_HUMAN","4.50%",FALSE,2,0,6.69652840808722,103.718426054177
"50fmol","20231201_jcl_6mix_50pmol_200ngHeLa_optDIA_60min_Wat25cmBEH_3",8160,3,"jlb20230123_HomoSapiens_UniprotRefProteome_UP000005640","GLB1","Homo sapiens","P16278","Beta-galactosidase","BGAL_HUMAN","28.10%",FALSE,16,0,11.8697601278536,3742.43132669364
"50fmol","20231201_jcl_6mix_50pmol_200ngHeLa_optDIA_60min_Wat25cmBEH_3",8160,3,"jlb20230123_HomoSapiens_UniprotRefProteome_UP000005640","TARS1","Homo sapiens","P26639","Threonine--tRNA ligase 1, cytoplasmic","SYTC_HUMAN","61%",FALSE,41,0,14.6367945878772,25475.0010936727
"50fmol","20231201_jcl_6mix_50pmol_200ngHeLa_optDIA_60min_Wat25cmBEH_3",8160,3,"jlb20230123_HomoSapiens_UniprotRefProteome_UP000005640","CASP14","Homo sapiens","P31944","Caspase-14","CASPE_HUMAN","40.10%",FALSE,7,0,7.57519630946485,190.704662955634
"50fmol","20231201_jcl_6mix_50pmol_200ngHeLa_optDIA_60min_Wat25cmBEH_3",8160,3,"jlb20230123_HomoSapiens_UniprotRefProteome_UP000005640","DCAF6","Homo sapiens","Q58WW2","DDB1- and CUL4-associated factor 6","DCAF6_HUMAN","4.10%",FALSE,2,0,6.846958123869,115.117082480898
"50fmol","20231201_jcl_6mix_50pmol_200ngHeLa_optDIA_60min_Wat25cmBEH_3",8160,3,"jlb20230123_HomoSapiens_UniprotRefProteome_UP000005640","DALRD3","Homo sapiens","Q5D0E6","DALR anticodon-binding domain-containing protein 3","DALD3_HUMAN","7%",FALSE,2,0,8.14398631245785,282.868224389071
"50fmol","20231201_jcl_6mix_50pmol_200ngHeLa_optDIA_60min_Wat25cmBEH_3",8160,3,"jlb20230123_HomoSapiens_UniprotRefProteome_UP000005640","HGSNAT","Homo sapiens","Q68CP4","Heparan-alpha-glucosaminide N-acetyltransferase","HGNAT_HUMAN","3.80%",FALSE,2,0,9.74318829919638,857.021922901596
"50fmol","20231201_jcl_6mix_50pmol_200ngHeLa_optDIA_60min_Wat25cmBEH_3",8160,3,"jlb20230123_HomoSapiens_UniprotRefProteome_UP000005640","RFFL","Homo sapiens","Q8WZ73","E3 ubiquitin-protein ligase rififylin","RFFL_HUMAN","10.20%",FALSE,2,0,6.48975467363052,89.8691887366068
"50fmol","20231201_jcl_6mix_50pmol_200ngHeLa_optDIA_60min_Wat25cmBEH_3",8160,3,"jlb20230123_HomoSapiens_UniprotRefProteome_UP000005640","RNF185","Homo sapiens","Q96GF1","E3 ubiquitin-protein ligase RNF185","RN185_HUMAN","7.30%",FALSE,2,0,8.91998107412949,484.375160848041
"50fmol","20231201_jcl_6mix_50pmol_200ngHeLa_optDIA_60min_Wat25cmBEH_3",8160,3,"jlb20230123_HomoSapiens_UniprotRefProteome_UP000005640","ZNF462","Homo sapiens","Q96JM2","Zinc finger protein 462","ZN462_HUMAN","2%",FALSE,2,0.000374719,8.28713668125157,312.375323736032
"50fmol","20231201_jcl_6mix_50pmol_200ngHeLa_optDIA_60min_Wat25cmBEH_3",8160,3,"jlb20230123_HomoSapiens_UniprotRefProteome_UP000005640","ALKBH7","Homo sapiens","Q9BT30","Alpha-ketoglutarate-dependent dioxygenase alkB homolog 7, mitochondrial","ALKB7_HUMAN","14%",FALSE,2,0,8.28786756385955,312.533616047624
"50fmol","20231201_jcl_6mix_50pmol_200ngHeLa_optDIA_60min_Wat25cmBEH_3",8160,3,"jlb20230123_HomoSapiens_UniprotRefProteome_UP000005640","POLK","Homo sapiens","Q9UBT6","DNA polymerase kappa","POLK_HUMAN","4.10%",FALSE,2,0,6.96093860704779,124.580858321789
"50fmol","20231201_jcl_6mix_50pmol_200ngHeLa_optDIA_60min_Wat25cmBEH_3",8160,3,"jlb20230123_HomoSapiens_UniprotRefProteome_UP000005640","ACAD8","Homo sapiens","Q9UKU7","Isobutyryl-CoA dehydrogenase, mitochondrial","ACAD8_HUMAN","5.50%",FALSE,2,0,6.04176900794686,65.8800163476881
"50fmol","20231201_jcl_6mix_50pmol_200ngHeLa_optDIA_60min_Wat25cmBEH_4",8163,4,"jlb20230123_HomoSapiens_UniprotRefProteome_UP000005640","ELOF1","Homo sapiens","A0A024R7E8;K7EMV4;K7EN05;K7EPC8;K7EQ44;P60002","Transcription elongation factor 1 homolog","A0A024R7E8_HUMAN;K7EMV4_HUMAN;K7EN05_HUMAN;K7EPC8_HUMAN;K7EQ44_HUMAN;ELOF1_HUMAN","17.3%;15%;23.7%;20%;15.8%;21.7%",TRUE,1,0,11.2657927881624,2462.3033398994
"50fmol","20231201_jcl_6mix_50pmol_200ngHeLa_optDIA_60min_Wat25cmBEH_4",8163,4,"jlb20230123_HomoSapiens_UniprotRefProteome_UP000005640","NUDT4B;NUDT4","Homo sapiens","A0A024RBG1;Q9NZJ9","Diphosphoinositol polyphosphate phosphohydrolase NUDT4B;Diphosphoinositol polyphosphate phosphohydrolase 2","NUD4B_HUMAN;NUDT4_HUMAN","29.8%;30%",FALSE,4,0,10.4509190159897,1399.71657711898
"50fmol","20231201_jcl_6mix_50pmol_200ngHeLa_optDIA_60min_Wat25cmBEH_4",8163,4,"jlb20230123_HomoSapiens_UniprotRefProteome_UP000005640","NOSIP","Homo sapiens","A0A075B6F9","Nitric oxide synthase-interacting protein","A0A075B6F9_HUMAN","7.90%",TRUE,1,0,6.93029251411715,121.962389768139
"50fmol","20231201_jcl_6mix_50pmol_200ngHeLa_optDIA_60min_Wat25cmBEH_4",8163,4,"jlb20230123_HomoSapiens_UniprotRefProteome_UP000005640","PPIAL4E;PPIAL4F;PPIAL4D;PPIAL4F","Homo sapiens","A0A075B759;A0A0H2UH34;F5H284;P0DN26","Peptidyl-prolyl cis-trans isomerase A-like 4E;Peptidyl-prolyl cis-trans isomerase;Peptidyl-prolyl cis-trans isomerase A-like 4D;Peptidyl-prolyl cis-trans isomerase A-like 4F","PAL4E_HUMAN;A0A0H2UH34_HUMAN;PAL4D_HUMAN;PAL4F_HUMAN","0%;0%;0%;0%",TRUE,0,0.738363141,NA,NA
"50fmol","20231201_jcl_6mix_50pmol_200ngHeLa_optDIA_60min_Wat25cmBEH_4",8163,4,"jlb20230123_HomoSapiens_UniprotRefProteome_UP000005640","IKBKE","Homo sapiens","A0A075B7B4;Q14164","Inhibitor of nuclear factor kappa-B kinase subunit epsilon","A0A075B7B4_HUMAN;IKKE_HUMAN","0%;0%",TRUE,0,0.321037601,NA,NA
"50fmol","20231201_jcl_6mix_50pmol_200ngHeLa_optDIA_60min_Wat25cmBEH_4",8163,4,"jlb20230123_HomoSapiens_UniprotRefProteome_UP000005640","PSG7;PSG7;PSG6;PSG5;PSG5;PSG6;PSG5;PSG6;PSG7;PSG5","Homo sapiens","A0A087WT09;A0A096LNM5;B5MCE1;E7EQY3;E9PC55;M0QZA7;M0R1G9;Q00889;Q13046;Q15238","Putative pregnancy-specific beta-1-glycoprotein 7;Putative pregnancy-specific beta-1-glycoprotein 7;Pregnancy-specific beta-1-glycoprotein 6;Pregnancy-specific beta-1-glycoprotein 5;Pregnancy-specific beta-1-glycoprotein 5;Pregnancy-specific beta-1-glycoprotein 6 (Fragment);Pregnancy-specific beta-1-glycoprotein 5;Pregnancy-specific beta-1-glycoprotein 6;Pregnancy-specific beta-1-glycoprotein 7;Pregnancy-specific beta-1-glycoprotein 5","A0A087WT09_HUMAN;A0A096LNM5_HUMAN;B5MCE1_HUMAN;E7EQY3_HUMAN;E9PC55_HUMAN;M0QZA7_HUMAN;M0R1G9_HUMAN;PSG6_HUMAN;PSG7_HUMAN;PSG5_HUMAN","0%;0%;0%;0%;0%;0%;0%;0%;0%;0%",TRUE,0,0.652998341,NA,NA
"50fmol","20231201_jcl_6mix_50pmol_200ngHeLa_optDIA_60min_Wat25cmBEH_4",8163,4,"jlb20230123_HomoSapiens_UniprotRefProteome_UP000005640","HTD2","Homo sapiens","A0A087WTC8;P86397","Hydroxyacyl-thioester dehydratase type 2, mitochondrial (Fragment);Hydroxyacyl-thioester dehydratase type 2, mitochondrial","A0A087WTC8_HUMAN;HTD2_HUMAN","36.8%;16.7%",TRUE,1,0,9.30231549653655,631.358444500805
"50fmol","20231201_jcl_6mix_50pmol_200ngHeLa_optDIA_60min_Wat25cmBEH_4",8163,4,"jlb20230123_HomoSapiens_UniprotRefProteome_UP000005640","BCL2L13","Homo sapiens","A0A087WTL4","Bcl-2-like protein 13","A0A087WTL4_HUMAN","2.80%",TRUE,1,0,11.6575223634785,3230.45656803306
"50fmol","20231201_jcl_6mix_50pmol_200ngHeLa_optDIA_60min_Wat25cmBEH_4",8163,4,"jlb20230123_HomoSapiens_UniprotRefProteome_UP000005640","KCNIP1","Homo sapiens","A0A087WTU8;A0A0A0MS16;A0A1B0GTZ7;Q9NZI2","Kv channel-interacting protein 1","A0A087WTU8_HUMAN;A0A0A0MS16_HUMAN;A0A1B0GTZ7_HUMAN;KCIP1_HUMAN","0%;0%;0%;0%",TRUE,0,0.031887909,NA,NA
"50fmol","20231201_jcl_6mix_50pmol_200ngHeLa_optDIA_60min_Wat25cmBEH_4",8163,4,"jlb20230123_HomoSapiens_UniprotRefProteome_UP000005640","ALMS1","Homo sapiens","A0A087WTU9;A0A087WV20;A0A804HIB7;A0A804HJA5;A0A804HJW3;A0A804HKC0;A0A804HKP4;A0A804HL70;Q8TCU4","Centrosome-associated protein ALMS1;Centrosome-associated protein ALMS1;Centrosome-associated protein ALMS1 (Fragment);Centrosome-associated protein ALMS1 (Fragment);Centrosome-associated protein ALMS1 (Fragment);Centrosome-associated protein ALMS1 (Fragment);Centrosome-associated protein ALMS1 (Fragment);Centrosome-associated protein ALMS1 (Fragment);Centrosome-associated protein ALMS1","A0A087WTU9_HUMAN;A0A087WV20_HUMAN;A0A804HIB7_HUMAN;A0A804HJA5_HUMAN;A0A804HJW3_HUMAN;A0A804HKC0_HUMAN;A0A804HKP4_HUMAN;A0A804HL70_HUMAN;ALMS1_HUMAN","0%;0%;0%;0%;0%;0%;0%;0%;0%",TRUE,0,0.124715739,NA,NA
"50fmol","20231201_jcl_6mix_50pmol_200ngHeLa_optDIA_60min_Wat25cmBEH_4",8163,4,"jlb20230123_HomoSapiens_UniprotRefProteome_UP000005640","HNRNPDL","Homo sapiens","A0A087WU03","Heterogeneous nuclear ribonucleoprotein D-like","A0A087WU03_HUMAN","31.60%",TRUE,1,0,12.9368114655346,7840.9430474164
"50fmol","20231201_jcl_6mix_50pmol_200ngHeLa_optDIA_60min_Wat25cmBEH_4",8163,4,"jlb20230123_HomoSapiens_UniprotRefProteome_UP000005640","PTBP1","Homo sapiens","A0A087WU68","Polypyrimidine tract-binding protein 1 (Fragment)","A0A087WU68_HUMAN","22.90%",TRUE,1,0,8.79685004373355,444.749768319376
"50fmol","20231201_jcl_6mix_50pmol_200ngHeLa_optDIA_60min_Wat25cmBEH_4",8163,4,"jlb20230123_HomoSapiens_UniprotRefProteome_UP000005640","NBDY","Homo sapiens","A0A0U1RRE5","Negative regulator of P-body association","NBDY_HUMAN","39.70%",FALSE,1,0,9.4011580090202,676.130542732733
"50fmol","20231201_jcl_6mix_50pmol_200ngHeLa_optDIA_60min_Wat25cmBEH_4",8163,4,"jlb20230123_HomoSapiens_UniprotRefProteome_UP000005640","AHRR","Homo sapiens","A0A7I2PK40;A9YTQ3;D6RE68","Aryl hydrocarbon receptor repressor","A0A7I2PK40_HUMAN;AHRR_HUMAN;D6RE68_HUMAN","2.6%;2.6%;3.2%",FALSE,1,0,10.81703086722,1804.059076593
"50fmol","20231201_jcl_6mix_50pmol_200ngHeLa_optDIA_60min_Wat25cmBEH_4",8163,4,"jlb20230123_HomoSapiens_UniprotRefProteome_UP000005640","PIP5K1C","Homo sapiens","A0A7P0T808;O60331","Phosphatidylinositol 4-phosphate 5-kinase type-1 gamma","A0A7P0T808_HUMAN;PI51C_HUMAN","4.3%;4.5%",FALSE,2,0,9.75866093728549,866.262789596347
"50fmol","20231201_jcl_6mix_50pmol_200ngHeLa_optDIA_60min_Wat25cmBEH_4",8163,4,"jlb20230123_HomoSapiens_UniprotRefProteome_UP000005640","MYLK","Homo sapiens","A0A8I5KU53;Q15746","Myosin light chain kinase, smooth muscle;Myosin light chain kinase, smooth muscle","A0A8I5KU53_HUMAN;MYLK_HUMAN","1.9%;1.9%",FALSE,2,0.000374719,10.2196943445921,1192.43453161052
"50fmol","20231201_jcl_6mix_50pmol_200ngHeLa_optDIA_60min_Wat25cmBEH_4",8163,4,"jlb20230123_HomoSapiens_UniprotRefProteome_UP000005640","ZNF840P","Homo sapiens","A6NDX5","Putative zinc finger protein 840","ZN840_HUMAN","3.10%",FALSE,2,0,8.18340862545955,290.704304875148
"50fmol","20231201_jcl_6mix_50pmol_200ngHeLa_optDIA_60min_Wat25cmBEH_4",8163,4,"jlb20230123_HomoSapiens_UniprotRefProteome_UP000005640","CCDC85C","Homo sapiens","A6NKD9","Coiled-coil domain-containing protein 85C","CC85C_HUMAN","10.50%",FALSE,2,0,7.966385537323,250.104210860451
"50fmol","20231201_jcl_6mix_50pmol_200ngHeLa_optDIA_60min_Wat25cmBEH_4",8163,4,"jlb20230123_HomoSapiens_UniprotRefProteome_UP000005640","TMCO5B","Homo sapiens","A8MYB1","Transmembrane and coiled-coil domain-containing protein 5B","TMC5B_HUMAN","4.60%",FALSE,2,0,8.53847973328139,371.824940475867
"50fmol","20231201_jcl_6mix_50pmol_200ngHeLa_optDIA_60min_Wat25cmBEH_4",8163,4,"jlb20230123_HomoSapiens_UniprotRefProteome_UP000005640","AZGP1","Homo sapiens","C9JEV0;P25311","Zinc-alpha-2-glycoprotein","C9JEV0_HUMAN;ZA2G_HUMAN","16.3%;12.4%",FALSE,2,0,7.34695733040601,162.800049767432
"50fmol","20231201_jcl_6mix_50pmol_200ngHeLa_optDIA_60min_Wat25cmBEH_4",8163,4,"jlb20230123_HomoSapiens_UniprotRefProteome_UP000005640","USP4","Homo sapiens","C9JNU9","Ubiquitin carboxyl-terminal hydrolase 4","C9JNU9_HUMAN","9.90%",FALSE,2,0.000252048,8.56219156027375,377.98667339069
"50fmol","20231201_jcl_6mix_50pmol_200ngHeLa_optDIA_60min_Wat25cmBEH_4",8163,4,"20230525_jclcleaned_MQcontaminants","ALB","","CON__P02769","Bovine serum albumin","ALBU_BOVIN","70.50%",FALSE,50,0,16.9173617822531,123775.11655299
"50fmol","20231201_jcl_6mix_50pmol_200ngHeLa_optDIA_60min_Wat25cmBEH_4",8163,4,"20230525_jclcleaned_MQcontaminants","CYCS","","CON__P62894","Cytochrome c","CYC_BOVIN","59%",FALSE,9,0,12.64933235662,6424.3392175491
"50fmol","20231201_jcl_6mix_50pmol_200ngHeLa_optDIA_60min_Wat25cmBEH_4",8163,4,"20230525_jclcleaned_MQcontaminants","TF","","CON__Q0IIK2","Serotransferrin (UP merge to Q29443)","TRFE_BOVIN","77.10%",FALSE,57,0,13.4822128778071,11443.2789338856
"50fmol","20231201_jcl_6mix_50pmol_200ngHeLa_optDIA_60min_Wat25cmBEH_4",8163,4,"20230525_jclcleaned_MQcontaminants","KRT16","","CON__Q3ZAW8;CON__Q9Z2K1","Keratin intermediate filament 16a;Keratin, type I cytoskeletal 16","KRT16_MOUSE","3.4%;3.4%",FALSE,1,0,10.2471222868129,1215.32149043787
"50fmol","20231201_jcl_6mix_50pmol_200ngHeLa_optDIA_60min_Wat25cmBEH_4",8163,4,"jlb20230123_HomoSapiens_UniprotRefProteome_UP000005640","BRDT","Homo sapiens","F8W0H2","Bromodomain testis-specific protein (Fragment)","F8W0H2_HUMAN","22.20%",FALSE,1,0,9.09596231187666,547.214372204391
"50fmol","20231201_jcl_6mix_50pmol_200ngHeLa_optDIA_60min_Wat25cmBEH_4",8163,4,"jlb20230123_HomoSapiens_UniprotRefProteome_UP000005640","BMAL2","Homo sapiens","H0Y5R1;Q8WYA1","Basic helix-loop-helix ARNT-like 2 (Fragment);Basic helix-loop-helix ARNT-like protein 2","H0Y5R1_HUMAN;BMAL2_HUMAN","3.7%;3.5%",FALSE,1,0,10.0442814714186,1055.91754904739
"50fmol","20231201_jcl_6mix_50pmol_200ngHeLa_optDIA_60min_Wat25cmBEH_4",8163,4,"jlb20230123_HomoSapiens_UniprotRefProteome_UP000005640","DEF6","Homo sapiens","H0Y7V7;Q9H4E7","Differentially-expressed in FDCP 6 homolog;Differentially expressed in FDCP 6 homolog","H0Y7V7_HUMAN;DEFI6_HUMAN","3.4%;3.2%",FALSE,2,0.001485516,9.30306551430961,631.686755855685
"50fmol","20231201_jcl_6mix_50pmol_200ngHeLa_optDIA_60min_Wat25cmBEH_4",8163,4,"jlb20230123_HomoSapiens_UniprotRefProteome_UP000005640","MYOF","Homo sapiens","H0YD14","Myoferlin (Fragment)","H0YD14_HUMAN","2%",FALSE,2,0,10.2895506600981,1251.59376389475
"50fmol","20231201_jcl_6mix_50pmol_200ngHeLa_optDIA_60min_Wat25cmBEH_4",8163,4,"jlb20230123_HomoSapiens_UniprotRefProteome_UP000005640","ATXN2L","Homo sapiens","H3BUF6","Ataxin-2-like protein","H3BUF6_HUMAN","4.30%",FALSE,2,0,8.53633145752112,371.271678658848
"50fmol","20231201_jcl_6mix_50pmol_200ngHeLa_optDIA_60min_Wat25cmBEH_4",8163,4,"jlb20230123_HomoSapiens_UniprotRefProteome_UP000005640",";TATDN2","Homo sapiens","H7C1W4;Q93075","Deoxyribonuclease TATDN2 (Fragment);Putative deoxyribonuclease TATDN2","H7C1W4_HUMAN;TATD2_HUMAN","5.9%;5.1%",FALSE,2,0.000374719,4.79359752678654,27.7342638375578
"50fmol","20231201_jcl_6mix_50pmol_200ngHeLa_optDIA_60min_Wat25cmBEH_4",8163,4,"jlb20230123_HomoSapiens_UniprotRefProteome_UP000005640","FARP2","Homo sapiens","H7C3M7","FERM, ARHGEF and pleckstrin domain-containing protein 2 (Fragment)","H7C3M7_HUMAN","6.20%",FALSE,2,0.00356967,9.7224542987167,844.79313376925
"50fmol","20231201_jcl_6mix_50pmol_200ngHeLa_optDIA_60min_Wat25cmBEH_4",8163,4,"jlb20230123_HomoSapiens_UniprotRefProteome_UP000005640","TECPR2","Homo sapiens","O15040","Tectonin beta-propeller repeat-containing protein 2","TCPR2_HUMAN","1.60%",FALSE,2,0,14.0463928507439,16919.4241946237
"50fmol","20231201_jcl_6mix_50pmol_200ngHeLa_optDIA_60min_Wat25cmBEH_4",8163,4,"jlb20230123_HomoSapiens_UniprotRefProteome_UP000005640","TLR3","Homo sapiens","O15455","Toll-like receptor 3","TLR3_HUMAN","2.70%",FALSE,2,0,7.29690112422761,157.248356038864
"50fmol","20231201_jcl_6mix_50pmol_200ngHeLa_optDIA_60min_Wat25cmBEH_4",8163,4,"jlb20230123_HomoSapiens_UniprotRefProteome_UP000005640","LRIG2","Homo sapiens","O94898","Leucine-rich repeats and immunoglobulin-like domains protein 2","LRIG2_HUMAN","2.40%",FALSE,2,0.003812569,7.90774507311372,240.142188985255
"50fmol","20231201_jcl_6mix_50pmol_200ngHeLa_optDIA_60min_Wat25cmBEH_4",8163,4,"jlb20230123_HomoSapiens_UniprotRefProteome_UP000005640","RAB3D","Homo sapiens","O95716","Ras-related protein Rab-3D","RAB3D_HUMAN","40.60%",FALSE,7,0,10.1837745201042,1163.11216925728
"50fmol","20231201_jcl_6mix_50pmol_200ngHeLa_optDIA_60min_Wat25cmBEH_4",8163,4,"jlb20230503_Pierce88342_6Mix_Uniprotsequences","ADH1","Saccharomyces cerevisiae (strain ATCC 204508 / S288c)","P00330","Alcohol dehydrogenase 1","ADH1_YEAST","43.60%",FALSE,17,0,14.0788638907851,17304.551033059
"50fmol","20231201_jcl_6mix_50pmol_200ngHeLa_optDIA_60min_Wat25cmBEH_4",8163,4,"jlb20230503_Pierce88342_6Mix_Uniprotsequences","LYZ","Gallus gallus","P00698","Lysozyme C","LYSC_CHICK","33.30%",FALSE,6,0,12.6717341281753,6524.87310015683
"50fmol","20231201_jcl_6mix_50pmol_200ngHeLa_optDIA_60min_Wat25cmBEH_4",8163,4,"jlb20230503_Pierce88342_6Mix_Uniprotsequences","lacZ","Escherichia coli (strain K12)","P00722","Beta-galactosidase","BGAL_ECOLI","44.50%",FALSE,39,0,13.9186207199644,15485.3966830753
"50fmol","20231201_jcl_6mix_50pmol_200ngHeLa_optDIA_60min_Wat25cmBEH_4",8163,4,"jlb20230123_HomoSapiens_UniprotRefProteome_UP000005640","CSTA","Homo sapiens","P01040","Cystatin-A","CYTA_HUMAN","53.10%",FALSE,4,0,9.67295346982899,816.298768075411
"50fmol","20231201_jcl_6mix_50pmol_200ngHeLa_optDIA_60min_Wat25cmBEH_4",8163,4,"jlb20230123_HomoSapiens_UniprotRefProteome_UP000005640","PRKCB","Homo sapiens","P05771","Protein kinase C beta type","KPCB_HUMAN","3.90%",FALSE,2,0,10.3002610931315,1260.92005484488
"50fmol","20231201_jcl_6mix_50pmol_200ngHeLa_optDIA_60min_Wat25cmBEH_4",8163,4,"jlb20230123_HomoSapiens_UniprotRefProteome_UP000005640","LPL","Homo sapiens","P06858","Lipoprotein lipase","LIPL_HUMAN","3.60%",FALSE,1,0,8.32323924198791,320.290953925178
"50fmol","20231201_jcl_6mix_50pmol_200ngHeLa_optDIA_60min_Wat25cmBEH_4",8163,4,"jlb20230123_HomoSapiens_UniprotRefProteome_UP000005640","PIP","Homo sapiens","P12273","Prolactin-inducible protein","PIP_HUMAN","21.20%",FALSE,2,0,7.36420145705026,164.757628702495
"50fmol","20231201_jcl_6mix_50pmol_200ngHeLa_optDIA_60min_Wat25cmBEH_4",8163,4,"jlb20230123_HomoSapiens_UniprotRefProteome_UP000005640","C6","Homo sapiens","P13671","Complement component C6","CO6_HUMAN","1.70%",FALSE,1,0,7.03987841757103,131.587479873263
"50fmol","20231201_jcl_6mix_50pmol_200ngHeLa_optDIA_60min_Wat25cmBEH_4",8163,4,"jlb20230123_HomoSapiens_UniprotRefProteome_UP000005640","GLB1","Homo sapiens","P16278","Beta-galactosidase","BGAL_HUMAN","28.10%",FALSE,15,0,11.9284532397252,3897.82401507743
"50fmol","20231201_jcl_6mix_50pmol_200ngHeLa_optDIA_60min_Wat25cmBEH_4",8163,4,"jlb20230123_HomoSapiens_UniprotRefProteome_UP000005640","TARS1","Homo sapiens","P26639","Threonine--tRNA ligase 1, cytoplasmic","SYTC_HUMAN","61%",FALSE,41,0,14.8637241060892,29814.4500733413
"50fmol","20231201_jcl_6mix_50pmol_200ngHeLa_optDIA_60min_Wat25cmBEH_4",8163,4,"jlb20230123_HomoSapiens_UniprotRefProteome_UP000005640","CASP14","Homo sapiens","P31944","Caspase-14","CASPE_HUMAN","40.10%",FALSE,7,0,7.85709411624287,231.857424704851
"50fmol","20231201_jcl_6mix_50pmol_200ngHeLa_optDIA_60min_Wat25cmBEH_4",8163,4,"jlb20230123_HomoSapiens_UniprotRefProteome_UP000005640","DCAF6","Homo sapiens","Q58WW2","DDB1- and CUL4-associated factor 6","DCAF6_HUMAN","4.10%",FALSE,2,0,7.77850911488203,219.565734599753
"50fmol","20231201_jcl_6mix_50pmol_200ngHeLa_optDIA_60min_Wat25cmBEH_4",8163,4,"jlb20230123_HomoSapiens_UniprotRefProteome_UP000005640","DALRD3","Homo sapiens","Q5D0E6","DALR anticodon-binding domain-containing protein 3","DALD3_HUMAN","7%",FALSE,2,0,9.07816880824229,540.506743861175
"50fmol","20231201_jcl_6mix_50pmol_200ngHeLa_optDIA_60min_Wat25cmBEH_4",8163,4,"jlb20230123_HomoSapiens_UniprotRefProteome_UP000005640","HGSNAT","Homo sapiens","Q68CP4","Heparan-alpha-glucosaminide N-acetyltransferase","HGNAT_HUMAN","3.80%",FALSE,2,0,9.96585219996978,1000.0470764121
"50fmol","20231201_jcl_6mix_50pmol_200ngHeLa_optDIA_60min_Wat25cmBEH_4",8163,4,"jlb20230123_HomoSapiens_UniprotRefProteome_UP000005640","RFFL","Homo sapiens","Q8WZ73","E3 ubiquitin-protein ligase rififylin","RFFL_HUMAN","10.20%",FALSE,2,0,5.01026833456945,32.2285714088152
"50fmol","20231201_jcl_6mix_50pmol_200ngHeLa_optDIA_60min_Wat25cmBEH_4",8163,4,"jlb20230123_HomoSapiens_UniprotRefProteome_UP000005640","RNF185","Homo sapiens","Q96GF1","E3 ubiquitin-protein ligase RNF185","RN185_HUMAN","7.30%",FALSE,2,0,9.0095547359545,515.402146701702
"50fmol","20231201_jcl_6mix_50pmol_200ngHeLa_optDIA_60min_Wat25cmBEH_4",8163,4,"jlb20230123_HomoSapiens_UniprotRefProteome_UP000005640","ZNF462","Homo sapiens","Q96JM2","Zinc finger protein 462","ZN462_HUMAN","2%",FALSE,3,0.000374719,8.89603742994751,476.40258459264
"50fmol","20231201_jcl_6mix_50pmol_200ngHeLa_optDIA_60min_Wat25cmBEH_4",8163,4,"jlb20230123_HomoSapiens_UniprotRefProteome_UP000005640","ALKBH7","Homo sapiens","Q9BT30","Alpha-ketoglutarate-dependent dioxygenase alkB homolog 7, mitochondrial","ALKB7_HUMAN","14%",FALSE,2,0,7.5050096889897,181.64900952539
"50fmol","20231201_jcl_6mix_50pmol_200ngHeLa_optDIA_60min_Wat25cmBEH_4",8163,4,"jlb20230123_HomoSapiens_UniprotRefProteome_UP000005640","POLK","Homo sapiens","Q9UBT6","DNA polymerase kappa","POLK_HUMAN","4.10%",FALSE,2,0,7.09479764321492,136.693197882625
"50fmol","20231201_jcl_6mix_50pmol_200ngHeLa_optDIA_60min_Wat25cmBEH_4",8163,4,"jlb20230123_HomoSapiens_UniprotRefProteome_UP000005640","ACAD8","Homo sapiens","Q9UKU7","Isobutyryl-CoA dehydrogenase, mitochondrial","ACAD8_HUMAN","5.50%",FALSE,2,0,7.03747826913652,131.368745556808
